"Player","Team","POS","ATT","YDS","TDS","REC","YDS","TDS","FL","FPTS"
" "," ","","",""
"Jahmyr Gibbs","DET","RB1","16.8","83.2","0.9","3.9","29.5","0.2","0.1","19.4"
"Bijan Robinson","ATL","RB2","17.6","82.1","0.5","4.4","37.2","0.2","0.1","18.0"
"Christian McCaffrey","SF","RB3","15.8","63.7","0.5","4.7","36.9","0.3","0.1","17.0"
"Puka Nacua","LAR","WR1","0.7","4.4","0.0","7.2","93.6","0.5","0.0","16.7"
"Ja'Marr Chase","CIN","WR2","0.2","1.1","0.0","6.9","88.0","0.7","0.0","16.3"
"Jonathan Taylor","IND","RB4","17.7","81.8","0.7","3.0","22.3","0.1","0.1","16.2"
"Amon-Ra St. Brown","DET","WR3","0.2","1.0","0.0","6.9","84.6","0.6","0.0","15.7"
"Jaxon Smith-Njigba","SEA","WR4","0.4","1.8","0.0","6.7","91.6","0.5","0.0","15.7"
"De'Von Achane","MIA","RB5","14.6","76.5","0.4","3.6","26.3","0.2","0.1","15.6"
"Derrick Henry","BAL","RB6","17.4","83.6","0.7","1.2","10.6","0.1","0.1","14.6"
"Saquon Barkley","PHI","RB7","16.9","74.9","0.5","2.4","19.6","0.1","0.1","14.4"
"James Cook III","BUF","RB8","15.9","75.3","0.6","2.3","17.1","0.1","0.1","14.2"
"Chase Brown","CIN","RB9","14.0","59.4","0.4","3.9","25.4","0.2","0.1","14.2"
"Omarion Hampton","LAC","RB10","14.7","66.6","0.6","3.2","20.4","0.1","0.1","14.1"
"CeeDee Lamb","DAL","WR5","0.2","0.9","0.0","6.0","80.5","0.5","0.0","14.1"
"Justin Jefferson","MIN","WR6","0.1","0.6","0.0","6.2","81.6","0.4","0.0","13.7"
"Javonte Williams","DAL","RB11","16.0","72.7","0.6","2.2","12.3","0.1","0.1","13.6"
"Ashton Jeanty","LV","RB12","15.6","63.8","0.5","3.2","21.2","0.1","0.1","13.6"
"Nico Collins","HOU","WR7","0.1","0.9","0.0","5.3","78.0","0.5","0.0","13.4"
"Breece Hall","NYJ","RB13","15.4","67.8","0.4","2.6","21.3","0.1","0.1","13.2"
"Kenneth Walker III","KC","RB14","15.5","65.9","0.5","2.7","20.0","0.1","0.1","13.2"
"Drake London","ATL","WR8","0.0","0.1","0.0","5.6","74.2","0.4","0.0","12.8"
"Kyren Williams","LAR","RB15","13.9","63.8","0.6","2.0","12.9","0.1","0.1","12.7"
"Zay Flowers","BAL","WR9","0.4","2.3","0.0","5.3","74.0","0.4","0.0","12.5"
"George Pickens","DAL","WR10","0.0","0.2","0.0","4.8","73.2","0.5","0.0","12.5"
"Josh Jacobs","GB","RB16","14.6","59.1","0.6","2.1","15.7","0.1","0.1","12.4"
"Travis Etienne Jr.","NO","RB17","14.4","61.4","0.4","2.7","20.7","0.1","0.1","12.4"
"Chris Olave","NO","WR11","0.0","0.1","0.0","5.6","71.7","0.4","0.0","12.3"
"Cam Skattebo","NYG","RB18","12.8","55.4","0.5","2.6","20.3","0.1","0.1","12.3"
"Jeremiyah Love","ARI","RB19","12.3","54.0","0.3","3.3","24.4","0.1","0.1","12.2"
"A.J. Brown","NE","WR12","0.0","0.1","0.0","5.1","71.0","0.4","0.0","12.1"
"Brock Bowers","LV","TE1","0.2","0.8","0.0","6.1","62.9","0.5","0.0","12.1"
"DeVonta Smith","PHI","WR13","0.0","0.1","0.0","5.2","68.8","0.4","0.0","12.0"
"Tee Higgins","CIN","WR14","0.0","0.2","0.0","4.4","63.1","0.6","0.0","11.9"
"Tetairoa McMillan","CAR","WR15","0.0","0.2","0.0","4.7","70.1","0.4","0.0","11.7"
"David Montgomery","HOU","RB20","13.4","58.8","0.6","1.9","13.5","0.1","0.1","11.7"
"Rashee Rice","KC","WR16","0.4","2.3","0.0","5.3","60.9","0.4","0.0","11.6"
"Malik Nabers","NYG","WR17","0.2","0.8","0.0","4.9","62.3","0.5","0.0","11.5"
"Trey McBride","ARI","TE2","0.0","0.0","0.0","6.3","61.3","0.4","0.0","11.4"
"D'Andre Swift","CHI","RB21","12.5","58.4","0.4","1.9","14.8","0.1","0.1","11.3"
"Jaylen Warren","PIT","RB22","11.3","52.6","0.3","2.8","20.9","0.1","0.0","11.1"
"Jaylen Waddle","DEN","WR18","0.1","0.9","0.0","4.8","64.0","0.4","0.0","11.1"
"Bucky Irving","TB","RB23","13.2","55.3","0.4","2.2","17.7","0.1","0.1","11.0"
"Rico Dowdle","PIT","RB24","12.7","57.0","0.4","2.1","15.6","0.1","0.1","11.0"
"Quinshon Judkins","CLE","RB25","15.5","61.9","0.4","1.9","12.0","0.0","0.1","11.0"
"Ladd McConkey","LAC","WR19","0.1","0.3","0.0","4.6","61.4","0.4","0.0","11.0"
"Garrett Wilson","NYJ","WR20","0.1","0.6","0.0","5.1","62.6","0.4","0.0","11.0"
"Davante Adams","LAR","WR21","0.0","0.0","0.0","3.9","55.3","0.5","0.0","10.7"
"Jameson Williams","DET","WR22","0.5","2.6","0.0","3.8","61.2","0.4","0.0","10.5"
"Emeka Egbuka","TB","WR23","0.2","0.8","0.0","3.8","59.5","0.4","0.0","10.5"
"Colston Loveland","CHI","TE3","0.0","0.2","0.0","4.7","56.0","0.4","0.0","10.4"
"Bhayshul Tuten","JAC","RB26","12.7","51.2","0.4","1.8","13.0","0.1","0.1","10.4"
"Christian Watson","GB","WR24","0.1","0.6","0.0","3.6","58.9","0.4","0.0","10.3"
"Terry McLaurin","WAS","WR25","0.0","0.1","0.0","4.4","60.2","0.4","0.0","10.3"
"Jadarian Price","SEA","RB27","13.1","54.8","0.5","1.3","10.4","0.1","0.0","10.3"
"Tyler Warren","IND","TE4","0.3","1.0","0.0","4.9","52.5","0.4","0.0","10.0"
"Luther Burden III","CHI","WR26","0.5","2.7","0.0","4.3","57.2","0.3","0.0","10.0"
"Mike Evans","SF","WR27","0.0","0.0","0.0","3.8","56.3","0.4","0.0","10.0"
"DK Metcalf","PIT","WR28","0.1","0.3","0.0","3.6","55.3","0.4","0.0","9.9"
"Rome Odunze","CHI","WR29","0.0","0.1","0.0","3.5","54.2","0.4","0.0","9.8"
"DJ Moore","BUF","WR30","0.4","2.0","0.0","3.9","52.7","0.4","0.0","9.7"
"Chuba Hubbard","CAR","RB28","11.5","47.7","0.3","2.1","14.4","0.1","0.1","9.6"
"Tony Pollard","TEN","RB29","12.2","53.8","0.3","1.7","11.0","0.1","0.1","9.5"
"Carnell Tate","TEN","WR31","0.0","0.2","0.0","4.0","56.4","0.3","0.0","9.5"
"Rhamondre Stevenson","NE","RB30","10.4","43.4","0.3","2.1","15.5","0.1","0.1","9.4"
"Jayden Reed","GB","WR32","0.7","4.8","0.0","4.0","47.7","0.3","0.0","9.2"
"Josh Downs","IND","WR33","0.2","0.6","0.0","4.5","48.7","0.3","0.0","9.0"
"Parker Washington","JAC","WR34","0.5","1.9","0.0","3.6","50.9","0.3","0.0","9.0"
"Sam LaPorta","DET","TE5","0.0","0.2","0.0","4.4","46.8","0.3","0.0","8.9"
"Michael Pittman Jr.","PIT","WR35","0.0","0.1","0.0","4.5","49.2","0.3","0.0","8.9"
"Quentin Johnston","LAC","WR36","0.2","0.8","0.0","3.2","47.5","0.4","0.0","8.9"
"TreVeyon Henderson","NE","RB31","9.3","41.1","0.3","2.1","12.8","0.1","0.0","8.8"
"Courtland Sutton","DEN","WR37","0.0","0.0","0.0","3.7","49.7","0.3","0.0","8.8"
"Alec Pierce","IND","WR38","0.0","0.1","0.0","3.1","53.0","0.3","0.0","8.8"
"Harold Fannin Jr.","CLE","TE6","0.3","0.9","0.0","4.6","46.4","0.3","0.0","8.7"
"Marvin Harrison Jr.","ARI","WR39","0.0","0.0","0.0","3.5","51.9","0.3","0.0","8.7"
"Tucker Kraft","GB","TE7","0.1","0.1","0.0","3.9","47.3","0.3","0.0","8.6"
"Kyle Monangai","CHI","RB32","9.7","44.4","0.3","1.3","10.9","0.1","0.0","8.6"
"Kenny Gainwell","TB","RB33","6.7","30.3","0.3","2.8","18.8","0.1","0.0","8.6"
"Blake Corum","LAR","RB34","10.4","48.4","0.4","0.9","5.5","0.1","0.0","8.5"
"Jordan Addison","MIN","WR40","0.2","1.6","0.0","3.4","46.2","0.3","0.0","8.5"
"Michael Wilson","ARI","WR41","0.0","0.1","0.0","3.8","49.8","0.3","0.0","8.5"
"Jalen Coker","CAR","WR42","0.0","0.2","0.0","3.9","48.7","0.3","0.0","8.5"
"Kyle Pitts Sr.","ATL","TE8","0.0","0.0","0.0","4.4","48.7","0.2","0.0","8.5"
"Brian Thomas Jr.","JAC","WR43","0.2","1.2","0.0","3.2","48.2","0.3","0.0","8.4"
"Mark Andrews","BAL","TE9","0.4","1.7","0.0","3.7","38.9","0.4","0.0","8.4"
"Jonathon Brooks","CAR","RB35","9.3","40.1","0.3","1.8","13.0","0.1","0.0","8.3"
"Chris Godwin Jr.","TB","WR44","0.0","0.2","0.0","3.9","46.1","0.3","0.0","8.3"
"Dallas Goedert","PHI","TE10","0.0","0.0","0.0","3.8","40.2","0.4","0.0","8.2"
"Travis Kelce","KC","TE11","0.0","0.0","0.0","4.2","43.8","0.3","0.0","8.1"
"RJ Harvey","DEN","RB36","6.5","25.3","0.3","2.7","19.4","0.1","0.0","8.1"
"Jordan Mason","MIN","RB37","10.3","48.9","0.3","0.9","5.5","0.0","0.0","8.0"
"Matthew Golden","GB","WR45","0.6","2.5","0.0","3.5","45.5","0.2","0.0","8.0"
"Aaron Jones Sr.","MIN","RB38","8.4","36.5","0.2","2.1","15.0","0.1","0.0","8.0"
"Stefon Diggs","WAS","WR46","0.1","0.2","0.0","4.1","44.7","0.3","0.0","8.0"
"Wan'Dale Robinson","TEN","WR47","0.2","1.1","0.0","4.2","46.1","0.2","0.0","8.0"
"Jakobi Meyers","JAC","WR48","0.3","1.5","0.0","3.6","42.8","0.3","0.0","7.9"
"Khalil Shakir","BUF","WR49","0.1","0.5","0.0","4.1","45.5","0.2","0.0","7.9"
"Rachaad White","WAS","RB39","7.5","31.2","0.2","2.6","15.8","0.1","0.0","7.8"
"J.K. Dobbins","DEN","RB40","9.8","45.3","0.3","1.1","6.0","0.0","0.0","7.7"
"Jacory Croskey-Merritt","WAS","RB41","9.6","41.3","0.3","1.0","8.3","0.0","0.0","7.7"
"Xavier Worthy","KC","WR50","0.9","5.0","0.0","2.9","40.5","0.2","0.0","7.6"
"Isaiah Likely","NYG","TE12","0.0","0.0","0.0","3.8","40.2","0.3","0.0","7.5"
"Romeo Doubs","NE","WR51","0.0","0.0","0.0","3.3","41.9","0.3","0.0","7.5"
"Deebo Samuel Sr.","SF","WR52","1.0","4.5","0.0","3.1","40.0","0.2","0.0","7.5"
"Jake Ferguson","DAL","TE13","0.0","0.1","0.0","4.2","34.6","0.3","0.0","7.4"
"Tre Tucker","LV","WR53","0.6","3.0","0.0","3.0","40.5","0.2","0.0","7.3"
"KC Concepcion","CLE","WR54","0.4","2.1","0.0","3.3","40.8","0.2","0.0","7.3"
"Juwan Johnson","NO","TE14","0.0","0.0","0.0","3.9","40.5","0.2","0.0","7.1"
"Hunter Henry","NE","TE15","0.0","0.0","0.0","3.4","36.9","0.3","0.0","7.0"
"Dalton Kincaid","BUF","TE16","0.0","0.0","0.0","3.4","38.9","0.2","0.0","7.0"
"Tyjae Spears","TEN","RB42","6.0","24.6","0.2","2.5","16.3","0.1","0.0","7.0"
"Rashid Shaheed","SEA","WR55","0.7","4.1","0.0","2.7","37.8","0.2","0.0","6.9"
"Woody Marks","HOU","RB43","7.8","31.9","0.2","1.4","11.3","0.1","0.0","6.7"
"Dalton Schultz","HOU","TE17","0.0","0.0","0.0","3.6","35.8","0.2","0.0","6.7"
"Jalen Nailor","LV","WR56","0.2","0.8","0.0","2.6","38.2","0.2","0.0","6.6"
"Devaughn Vele","NO","WR57","0.0","0.1","0.0","3.2","37.2","0.2","0.0","6.6"
"T.J. Hockenson","MIN","TE18","0.0","0.0","0.0","4.0","34.5","0.2","0.0","6.5"
"Makai Lemon","PHI","WR58","0.0","0.2","0.0","2.6","36.3","0.2","0.0","6.4"
"Brenton Strange","JAC","TE19","0.0","0.0","0.0","3.2","34.3","0.2","0.0","6.3"
"Chris Rodriguez Jr.","JAC","RB44","8.3","37.2","0.3","0.4","3.2","0.0","0.0","6.1"
"Keaton Mitchell","LAC","RB45","5.9","30.6","0.2","1.2","9.3","0.1","0.0","6.1"
"AJ Barner","SEA","TE20","0.5","1.9","0.0","3.1","29.1","0.2","0.0","6.1"
"Jalen McMillan","TB","WR59","0.2","0.9","0.0","2.5","32.8","0.2","0.0","6.1"
"Denzel Boston","CLE","WR60","0.0","0.3","0.0","2.8","35.2","0.2","0.0","6.0"
"Malik Washington","MIA","WR61","0.9","4.9","0.0","3.1","29.0","0.2","0.0","6.0"
"Chig Okonkwo","WAS","TE21","0.0","0.0","0.0","3.3","33.5","0.2","0.0","6.0"
"Pat Freiermuth","PIT","TE22","0.0","0.0","0.0","3.1","32.1","0.2","0.0","6.0"
"Keenan Allen","IND","WR62","0.0","0.0","0.0","3.0","33.2","0.2","0.0","5.9"
"Jauan Jennings","MIN","WR63","0.0","0.0","0.0","2.7","32.1","0.2","0.0","5.9"
"Dontayvion Wicks","PHI","WR64","0.0","0.1","0.0","2.4","32.7","0.2","0.0","5.9"
"Rashod Bateman","BAL","WR65","0.0","0.2","0.0","2.2","33.6","0.2","0.0","5.9"
"Calvin Ridley","TEN","WR66","0.2","0.8","0.0","2.1","34.0","0.2","0.0","5.8"
"Jerry Jeudy","CLE","WR67","0.1","0.2","0.0","2.6","35.2","0.2","0.0","5.8"
"Adonai Mitchell","NYJ","WR68","0.1","0.4","0.0","2.2","34.2","0.2","0.0","5.8"
"Darren Waller","CAR","TE23","0.0","0.0","0.0","2.6","29.2","0.3","0.0","5.7"
"Greg Dulcich","MIA","TE24","0.0","0.0","0.0","2.8","32.8","0.2","0.0","5.6"
"De'Zhaun Stribling","SF","WR69","0.1","0.4","0.0","2.4","32.2","0.2","0.0","5.6"
"Gunnar Helm","TEN","TE25","0.0","0.0","0.0","3.0","27.3","0.2","0.0","5.5"
"Cooper Kupp","SEA","WR70","0.0","0.2","0.0","2.4","30.7","0.2","0.0","5.5"
"Cade Otton","TB","TE26","0.0","0.0","0.0","2.9","29.0","0.2","0.0","5.4"
"George Kittle","SF","TE27","0.0","0.0","0.0","2.4","27.6","0.2","0.0","5.3"
"Kayshon Boutte","HOU","WR71","0.0","0.0","0.0","2.1","30.6","0.2","0.0","5.3"
"Ryan Flournoy","DAL","WR72","0.2","0.9","0.0","2.3","28.3","0.2","0.0","5.2"
"Tank Dell","HOU","WR73","0.3","1.6","0.0","2.2","27.9","0.2","0.0","5.2"
"Caleb Douglas","MIA","WR74","0.0","0.0","0.0","2.3","30.2","0.2","0.0","5.2"
"Tyler Allgeier","ARI","RB46","6.3","25.7","0.2","1.0","7.1","0.0","0.0","5.0"
"Mike Washington Jr.","LV","RB47","6.0","25.8","0.2","0.9","6.6","0.0","0.0","5.0"
"Isiah Pacheco","DET","RB48","6.7","27.8","0.2","0.8","4.8","0.0","0.0","5.0"
"Tre' Harris","LAC","WR75","0.1","0.3","0.0","2.2","27.8","0.2","0.0","5.0"
"Dylan Sampson","CLE","RB49","4.4","16.6","0.1","1.9","13.5","0.1","0.0","5.0"
"Kenyon Sadiq","NYJ","TE28","0.0","0.2","0.0","2.6","26.9","0.2","0.0","4.9"
"Pat Bryant","DEN","WR76","0.0","0.2","0.0","2.3","27.5","0.2","0.0","4.8"
"Terrance Ferguson","LAR","TE29","0.0","0.0","0.0","2.0","24.5","0.2","0.0","4.7"
"Justice Hill","BAL","RB50","2.5","11.3","0.1","1.8","14.6","0.1","0.0","4.6"
"Germie Bernard","PIT","WR77","0.1","0.5","0.0","2.0","25.6","0.2","0.0","4.6"
"Brian Robinson Jr.","ATL","RB51","6.6","26.9","0.2","0.6","4.2","0.0","0.0","4.6"
"Mike Gesicki","CIN","TE30","0.0","0.0","0.0","2.3","22.7","0.2","0.0","4.6"
"Jaylin Noel","HOU","WR78","0.2","0.8","0.0","2.0","23.7","0.2","0.0","4.5"
"Tyrone Tracy Jr.","NYG","RB52","5.7","24.5","0.1","0.9","6.6","0.0","0.0","4.3"
"Malachi Fields","NYG","WR79","0.0","0.1","0.0","1.9","23.4","0.2","0.0","4.3"
"Ja'Kobi Lane","BAL","WR80","0.0","0.0","0.0","1.6","23.4","0.2","0.0","4.2"
"David Njoku","LAC","TE31","0.0","0.0","0.0","1.9","19.7","0.2","0.0","4.1"
"MarShawn Lloyd","GB","RB53","5.0","19.9","0.1","0.9","6.2","0.0","0.0","4.1"
"Travis Hunter","JAC","WR81","0.1","0.6","0.0","1.8","22.0","0.1","0.0","4.0"
"Samaje Perine","CIN","RB54","4.0","17.0","0.2","1.0","7.1","0.0","0.0","4.0"
"Colby Parkinson","LAR","TE32","0.0","0.0","0.0","1.9","18.9","0.2","0.0","4.0"
"Jahan Dotson","ATL","WR82","0.0","0.0","0.0","1.8","23.3","0.1","0.0","4.0"
"Tank Bigsby","PHI","RB55","4.9","23.1","0.2","0.3","2.7","0.0","0.0","4.0"
"Andrei Iosivas","CIN","WR83","0.1","0.7","0.0","1.5","20.2","0.2","0.0","3.9"
"Braelon Allen","NYJ","RB56","4.6","18.7","0.2","0.7","5.1","0.0","0.0","3.8"
"Darnell Mooney","NYG","WR84","0.1","0.4","0.0","1.5","22.9","0.1","0.0","3.8"
"Oronde Gadsden II","LAC","TE33","0.0","0.0","0.0","1.7","21.0","0.1","0.0","3.7"
"Evan Engram","DEN","TE34","0.0","0.1","0.0","2.3","20.4","0.1","0.0","3.7"
"Tyquan Thornton","KC","WR85","0.0","0.0","0.0","1.3","21.7","0.1","0.0","3.7"
"Mason Taylor","NYJ","TE35","0.0","0.0","0.0","2.1","19.3","0.1","0.0","3.6"
"Jack Bech","LV","WR86","0.0","0.1","0.0","1.7","20.6","0.1","0.0","3.6"
"Ty Johnson","BUF","RB57","2.5","10.4","0.1","1.1","9.4","0.1","0.0","3.6"
"George Holani","SEA","RB58","3.7","14.7","0.1","0.9","6.4","0.0","0.0","3.6"
"Darnell Washington","PIT","TE36","0.0","0.0","0.0","1.8","19.0","0.1","0.0","3.5"
"Michael Mayer","LV","TE37","0.0","0.0","0.0","2.0","19.4","0.1","0.0","3.5"
"Isaac TeSlaa","DET","WR87","0.0","0.1","0.0","1.3","18.0","0.2","0.0","3.5"
"DeMario Douglas","NE","WR88","0.3","1.4","0.0","1.6","19.5","0.1","0.0","3.5"
"Xavier Legette","CAR","WR89","0.1","0.3","0.0","1.6","18.7","0.1","0.0","3.5"
"Jalen Tolbert","MIA","WR90","0.0","0.0","0.0","1.6","20.0","0.1","0.0","3.4"
"Jake Tonges","SF","TE38","0.0","0.0","0.0","1.8","17.8","0.1","0.0","3.4"
"Dawson Knox","BUF","TE39","0.0","0.0","0.0","1.6","17.9","0.1","0.0","3.4"
"Isaiah Davis","NYJ","RB59","2.9","13.3","0.1","1.0","7.6","0.0","0.0","3.4"
"Keon Coleman","BUF","WR91","0.0","0.1","0.0","1.4","19.0","0.1","0.0","3.4"
"Jonah Coleman","DEN","RB60","3.6","14.7","0.1","0.9","6.6","0.0","0.0","3.3"
"Omar Cooper Jr.","NYJ","WR92","0.1","0.6","0.0","1.4","18.9","0.1","0.0","3.3"
"Darius Slayton","NYG","WR93","0.0","0.3","0.0","1.4","19.9","0.1","0.0","3.3"
"Marvin Mims Jr.","DEN","WR94","0.5","2.3","0.0","1.5","16.3","0.1","0.0","3.2"
"KaVontae Turpin","DAL","WR95","1.0","6.4","0.0","1.0","13.8","0.1","0.0","3.2"
"Xavier Hutchinson","HOU","WR96","0.1","0.5","0.0","1.3","17.6","0.1","0.0","3.2"
"Kendrick Bourne","ARI","WR97","0.0","0.0","0.0","1.6","19.1","0.1","0.0","3.2"
"Cole Kmet","CHI","TE40","0.0","0.0","0.0","1.6","16.0","0.1","0.0","3.0"
"Theo Johnson","NYG","TE41","0.0","0.0","0.0","1.5","16.7","0.1","0.0","3.0"
"Sean Tucker","TB","RB61","3.4","15.2","0.2","0.2","1.4","0.0","0.0","3.0"
"Elijah Arroyo","SEA","TE42","0.0","0.0","0.0","1.4","16.4","0.1","0.0","3.0"
"Zachariah Branch","ATL","WR98","0.1","0.5","0.0","1.5","16.8","0.1","0.0","2.9"
"Ted Hurst III","TB","WR99","0.0","0.2","0.0","1.2","16.3","0.1","0.0","2.9"
"Noah Gray","KC","TE43","0.0","0.0","0.0","1.6","15.6","0.1","0.0","2.9"
"Tory Horton","SEA","WR100","0.0","0.1","0.0","1.2","15.9","0.1","0.0","2.9"
"Antonio Williams","WAS","WR101","0.1","0.7","0.0","1.3","15.6","0.1","0.0","2.9"
"Ray Davis","BUF","RB62","3.3","14.1","0.1","0.6","4.9","0.0","0.0","2.8"
"Emmett Johnson","KC","RB63","3.2","12.7","0.1","0.7","5.3","0.0","0.0","2.8"
"Charlie Kolar","LAC","TE44","0.1","0.3","0.0","1.4","15.0","0.1","0.0","2.8"
"Daniel Bellinger","TEN","TE45","0.0","0.0","0.0","1.4","15.1","0.1","0.0","2.7"
"Erick All Jr.","CIN","TE46","0.0","0.0","0.0","1.4","13.7","0.1","0.0","2.7"
"Jaydon Blue","DAL","RB64","3.3","13.4","0.1","0.5","3.4","0.0","0.0","2.6"
"Olamide Zaccheaus","ATL","WR102","0.1","0.6","0.0","1.3","13.8","0.1","0.0","2.6"
"Kendre Miller","NO","RB65","3.0","12.4","0.1","0.8","5.4","0.0","0.0","2.6"
"Will Kacmarek","MIA","TE47","0.0","0.0","0.0","1.4","13.6","0.1","0.0","2.6"
"Savion Williams","GB","WR103","0.5","2.0","0.0","1.1","12.0","0.1","0.0","2.5"
"Jaylen Wright","MIA","RB66","3.1","12.8","0.1","0.6","4.4","0.0","0.0","2.5"
"Kalif Raymond","CHI","WR104","0.2","1.1","0.0","1.2","13.1","0.1","0.0","2.5"
"Zach Charbonnet","SEA","RB67","2.9","12.3","0.1","0.5","3.2","0.0","0.0","2.5"
"Kevin Coleman Jr.","MIA","WR105","0.0","0.0","0.0","1.3","15.2","0.0","0.0","2.4"
"John Metchie III","CAR","WR106","0.1","0.3","0.0","1.2","12.1","0.1","0.0","2.4"
"Troy Franklin","DEN","WR107","0.1","0.5","0.0","1.1","12.6","0.1","0.0","2.4"
"Kaelon Black","SF","RB68","3.1","12.8","0.1","0.4","3.2","0.0","0.0","2.4"
"Chimere Dike","TEN","WR108","0.5","2.0","0.0","0.9","10.3","0.1","0.0","2.3"
"Najee Harris","NYG","RB69","2.7","10.8","0.1","0.5","3.6","0.0","0.0","2.3"
"Hollywood Brown","PHI","WR109","0.0","0.0","0.0","0.9","12.3","0.1","0.0","2.3"
"Elijah Higgins","ARI","TE48","0.0","0.0","0.0","1.3","11.7","0.1","0.0","2.2"
"Bryce Lance","NO","WR110","0.0","0.0","0.0","1.0","12.5","0.1","0.0","2.2"
"Colbie Young","CIN","WR111","0.0","0.0","0.0","1.0","11.6","0.1","0.0","2.2"
"Ollie Gordon II","MIA","RB70","2.7","9.9","0.1","0.5","3.0","0.0","0.0","2.2"
"Noah Fant","NO","TE49","0.0","0.0","0.0","1.2","10.8","0.1","0.0","2.1"
"Alvin Kamara","NO","RB71","2.6","9.9","0.1","0.6","4.0","0.0","0.0","2.1"
"Emari Demercado","KC","RB72","1.9","9.6","0.0","0.7","4.8","0.0","0.0","2.1"
"Zavion Thomas","CHI","WR112","0.1","0.4","0.0","0.9","10.7","0.1","0.0","2.1"
"Devontez Walker","BAL","WR113","0.0","0.1","0.0","0.8","11.7","0.1","0.0","2.1"
"Elic Ayomanor","TEN","WR114","0.0","0.0","0.0","0.8","11.9","0.1","0.0","2.1"
"Austin Hooper","ATL","TE50","0.0","0.0","0.0","1.1","11.0","0.1","0.0","2.1"
"LeQuint Allen Jr.","JAC","RB73","0.8","3.5","0.0","1.1","7.1","0.1","0.0","2.1"
"Joshua Palmer","BUF","WR115","0.0","0.0","0.0","0.9","12.1","0.1","0.0","2.1"
"Cyrus Allen","KC","WR116","0.0","0.0","0.0","0.9","11.3","0.1","0.0","2.0"
"Kimani Vidal","LAC","RB74","2.3","9.9","0.1","0.4","3.3","0.0","0.0","2.0"
"Tutu Atwell","MIA","WR117","0.1","0.4","0.0","0.9","13.3","0.0","0.0","2.0"
"Josh Oliver","MIN","TE51","0.0","0.0","0.0","1.0","9.9","0.1","0.0","2.0"
"Emanuel Wilson","SEA","RB75","2.5","10.4","0.1","0.3","2.0","0.0","0.0","2.0"
"Eli Stowers","PHI","TE52","0.1","0.4","0.0","0.9","9.9","0.1","0.0","2.0"
"Tommy Tremble","CAR","TE53","0.0","0.0","0.0","1.0","9.3","0.1","0.0","1.9"
"Roman Wilson","PIT","WR118","0.0","0.0","0.0","0.8","10.9","0.1","0.0","1.9"
"Treylon Burks","WAS","WR119","0.1","0.3","0.0","0.8","10.5","0.1","0.0","1.9"
"Isaiah Bond","CLE","WR120","0.2","0.9","0.0","0.7","9.9","0.1","0.0","1.9"
"Isaiah Williams","NYJ","WR121","0.2","0.9","0.0","1.1","10.8","0.0","0.0","1.9"
"Tyler Higbee","LAR","TE54","0.0","0.0","0.0","0.9","9.6","0.1","0.0","1.9"
"Nicholas Singleton","TEN","RB76","2.0","8.4","0.1","0.5","3.5","0.0","0.0","1.9"
"Mason Tipton","NO","WR122","0.0","0.0","0.0","1.0","11.4","0.0","0.0","1.9"
"Eli Raridon","NE","TE55","0.0","0.0","0.0","1.0","9.4","0.1","0.0","1.8"
"Tez Johnson","TB","WR123","0.2","0.8","0.0","0.7","8.9","0.1","0.0","1.8"
"Jordyn Tyson","NO","WR124","0.0","0.0","0.0","0.9","10.7","0.1","0.0","1.8"
"Greg Dortch","DET","WR125","0.3","1.3","0.0","0.8","7.8","0.1","0.0","1.8"
"Jordan James","SF","RB77","2.2","9.0","0.1","0.3","2.4","0.0","0.0","1.8"
"Luke Musgrave","GB","TE56","0.0","0.0","0.0","1.0","9.2","0.1","0.0","1.8"
"Drew Sample","CIN","TE57","0.0","0.1","0.0","0.9","8.1","0.1","0.0","1.7"
"Justin Joly","DEN","TE58","0.0","0.0","0.0","0.9","8.7","0.1","0.0","1.7"
"Demond Claiborne","MIN","RB78","1.4","5.8","0.1","0.6","4.2","0.0","0.0","1.7"
"Kyle Juszczyk","SF","RB79","0.2","0.6","0.0","1.0","7.9","0.1","0.0","1.7"
"Mack Hollins","NE","WR126","0.0","0.1","0.0","0.8","9.3","0.1","0.0","1.7"
"James Conner","ARI","RB80","1.6","6.7","0.1","0.5","3.3","0.0","0.0","1.7"
"Adam Trautman","DEN","TE59","0.0","0.0","0.0","0.8","8.3","0.1","0.0","1.7"
"Ja'Tavion Sanders","CAR","TE60","0.0","0.0","0.0","1.0","8.0","0.1","0.0","1.7"
"DJ Giddens","IND","RB81","1.7","6.6","0.1","0.5","3.3","0.0","0.0","1.7"
"Demarcus Robinson","SF","WR127","0.0","0.0","0.0","0.6","9.0","0.1","0.0","1.7"
"John Bates","WAS","TE61","0.0","0.0","0.0","0.8","8.1","0.1","0.0","1.7"
"Nick Westbrook-Ikhine","IND","WR128","0.0","0.0","0.0","0.7","8.2","0.1","0.0","1.7"
"Tahj Brooks","CIN","RB82","2.0","7.4","0.1","0.3","2.2","0.0","0.0","1.7"
"Brock Wright","DET","TE62","0.0","0.0","0.0","0.8","7.7","0.1","0.0","1.6"
"Oscar Delp","NO","TE63","0.0","0.0","0.0","0.9","8.2","0.1","0.0","1.6"
"Ashton Dulin","IND","WR129","0.1","0.8","0.0","0.6","8.6","0.1","0.0","1.6"
"Chris Brooks","GB","RB83","1.3","5.7","0.0","0.7","4.3","0.0","0.0","1.6"
"Calvin Austin III","NYG","WR130","0.0","0.2","0.0","0.7","9.2","0.1","0.0","1.6"
"Brenen Thompson","LAC","WR131","0.0","0.3","0.0","0.6","8.4","0.1","0.0","1.6"
"Jackson Hawes","BUF","TE64","0.0","0.0","0.0","0.8","7.9","0.1","0.0","1.6"
"Marlin Klein","HOU","TE65","0.0","0.0","0.0","0.8","7.4","0.1","0.0","1.6"
"Jimmy Horn Jr.","CAR","WR132","0.4","2.3","0.0","0.6","6.3","0.1","0.0","1.5"
"Elijah Sarratt","BAL","WR133","0.0","0.0","0.0","0.6","8.5","0.1","0.0","1.5"
"Seth McGowan","IND","RB84","1.4","5.8","0.1","0.4","2.8","0.0","0.0","1.4"
"Jaylin Lane","WAS","WR134","0.1","0.5","0.0","0.6","8.2","0.0","0.0","1.4"
"Jalen Reagor","MIA","WR135","0.0","0.0","0.0","0.6","7.6","0.1","0.0","1.4"
"Jahdae Walker","CHI","WR136","0.0","0.0","0.0","0.6","7.3","0.1","0.0","1.4"
"Dyami Brown","WAS","WR137","0.1","0.4","0.0","0.6","8.1","0.0","0.0","1.4"
"Cade Stover","HOU","TE66","0.2","0.5","0.0","0.8","7.0","0.0","0.0","1.4"
"Justin Watson","HOU","WR138","0.0","0.0","0.0","0.5","6.7","0.1","0.0","1.3"
"Mo Alie-Cox","IND","TE67","0.0","0.0","0.0","0.6","6.4","0.1","0.0","1.3"
"Malik Benson","LV","WR139","0.0","0.0","0.0","0.6","8.4","0.0","0.0","1.3"
"Hunter Luepke","DAL","RB85","0.9","3.8","0.0","0.6","4.2","0.0","0.0","1.3"
"Konata Mumpfield","LAR","WR140","0.0","0.0","0.0","0.5","6.2","0.1","0.0","1.3"
"Ben Sinnott","WAS","TE68","0.0","0.1","0.0","0.6","5.9","0.1","0.0","1.3"
"Malik Davis","DAL","RB86","1.3","6.3","0.1","0.2","1.4","0.0","0.0","1.3"
"Kaytron Allen","WAS","RB87","1.5","6.1","0.1","0.2","1.9","0.0","0.0","1.3"
"Lil'Jordan Humphrey","DEN","WR141","0.0","0.0","0.0","0.6","7.4","0.0","0.0","1.3"
"Chris Bell","MIA","WR142","0.0","0.0","0.0","0.6","6.6","0.1","0.0","1.3"
"Joe Royer","CLE","TE69","0.0","0.0","0.0","0.7","7.0","0.0","0.0","1.2"
"Matt Hibner","BAL","TE70","0.0","0.0","0.0","0.7","7.1","0.0","0.0","1.2"
"Barion Brown","NO","WR143","0.0","0.0","0.0","0.6","7.4","0.0","0.0","1.2"
"Skyler Bell","BUF","WR144","0.0","0.1","0.0","0.6","7.3","0.0","0.0","1.2"
"Luke Schoonmaker","DAL","TE71","0.0","0.0","0.0","0.7","6.6","0.0","0.0","1.2"
"Eli Heidenreich","PIT","RB88","0.7","3.1","0.0","0.5","5.9","0.0","0.0","1.2"
"Tanner Hudson","CIN","TE72","0.0","0.0","0.0","0.6","5.0","0.1","0.0","1.1"
"CJ Daniels","LAR","WR145","0.0","0.1","0.0","0.5","6.5","0.0","0.0","1.1"
"Christian Kirk","SF","WR146","0.0","0.1","0.0","0.6","7.1","0.0","0.0","1.1"
"Will Shipley","PHI","RB89","0.8","2.9","0.0","0.5","3.8","0.0","0.0","1.1"
"Trevor Etienne","CAR","RB90","1.2","5.6","0.0","0.3","2.0","0.0","0.0","1.1"
"Jordan Whittington","LAR","WR147","0.1","0.5","0.0","0.5","5.8","0.0","0.0","1.0"
"Phil Mafah","DAL","RB91","1.3","5.6","0.0","0.2","1.3","0.0","0.0","1.0"
"Tai Felton","MIN","WR148","0.0","0.1","0.0","0.6","6.0","0.0","0.0","1.0"
"Kyle Williams","NE","WR149","0.1","0.6","0.0","0.4","5.1","0.0","0.0","1.0"
"Thomas Fidone II","NYG","TE73","0.0","0.0","0.0","0.7","6.6","0.0","0.0","1.0"
"Bo Melton","GB","WR150","0.2","0.8","0.0","0.4","5.3","0.0","0.0","1.0"
"Jalen Royals","KC","WR151","0.0","0.1","0.0","0.5","5.6","0.0","0.0","1.0"
"Michael Trigg","DAL","TE74","0.0","0.0","0.0","0.5","5.7","0.0","0.0","1.0"
"Sam Roush","CHI","TE75","0.0","0.0","0.0","0.6","5.4","0.0","0.0","1.0"
"Max Klare","LAR","TE76","0.0","0.0","0.0","0.5","5.4","0.0","0.0","1.0"
"Ben Skowronek","PIT","WR152","0.0","0.0","0.0","0.4","4.5","0.1","0.0","1.0"
"Nate Boerkircher","JAC","TE77","0.0","0.0","0.0","0.6","5.3","0.0","0.0","0.9"
"Deion Burks","IND","WR153","0.0","0.0","0.0","0.5","5.7","0.0","0.0","0.9"
"Durham Smythe","BAL","TE78","0.0","0.0","0.0","0.5","5.2","0.0","0.0","0.9"
"Adam Randall","BAL","RB92","1.1","4.7","0.0","0.2","1.9","0.0","0.0","0.9"
"Odell Beckham Jr.","NYG","WR154","0.0","0.0","0.0","0.4","5.2","0.0","0.0","0.8"
"Luke McCaffrey","WAS","WR155","0.0","0.0","0.0","0.5","5.5","0.0","0.0","0.8"
"Jeremy Ruckert","NYJ","TE79","0.0","0.0","0.0","0.5","4.3","0.0","0.0","0.8"
"Brevyn Spann-Ford","DAL","TE80","0.0","0.0","0.0","0.5","4.6","0.0","0.0","0.8"
"Audric Estime","NO","RB93","0.9","3.8","0.0","0.2","1.7","0.0","0.0","0.8"
"Ty Chandler","NO","RB94","0.4","1.4","0.0","0.4","2.6","0.0","0.0","0.8"
"KeAndre Lambert-Smith","LAC","WR156","0.0","0.1","0.0","0.4","4.4","0.0","0.0","0.8"
"Davis Allen","LAR","TE81","0.0","0.0","0.0","0.4","4.0","0.0","0.0","0.8"
"Grant Calcaterra","PHI","TE82","0.0","0.0","0.0","0.4","4.4","0.0","0.0","0.8"
"Foster Moreau","HOU","TE83","0.0","0.0","0.0","0.4","4.1","0.0","0.0","0.7"
"Tanner Koziol","JAC","TE84","0.0","0.0","0.0","0.4","4.1","0.0","0.0","0.7"
"Mitch Tinsley","CIN","WR157","0.0","0.0","0.0","0.3","4.4","0.0","0.0","0.7"
"Ben Sims","MIA","TE85","0.0","0.0","0.0","0.4","3.9","0.0","0.0","0.7"
"Cedric Tillman","CLE","WR158","0.0","0.0","0.0","0.4","4.2","0.0","0.0","0.7"
"Jaleel McLaughlin","DEN","RB95","0.7","3.2","0.0","0.2","1.3","0.0","0.0","0.7"
"Xavier Smith","LAR","WR159","0.0","0.2","0.0","0.3","4.0","0.0","0.0","0.7"
"Marquez Valdes-Scantling","DAL","WR160","0.0","0.2","0.0","0.3","4.2","0.0","0.0","0.7"
"Alec Ingold","LAC","RB96","0.5","1.7","0.0","0.3","2.1","0.0","0.0","0.6"
"Luke Farrell","SF","TE86","0.0","0.0","0.0","0.4","3.5","0.0","0.0","0.6"
"Jawhar Jordan","HOU","RB97","0.9","4.1","0.0","0.1","0.6","0.0","0.0","0.6"
"Brashard Smith","KC","RB98","0.6","2.3","0.0","0.3","2.0","0.0","0.0","0.6"
"Nate Adkins","DEN","TE87","0.0","0.0","0.0","0.4","3.1","0.0","0.0","0.6"
"Devin Singletary","NYG","RB99","0.8","3.3","0.0","0.1","1.0","0.0","0.0","0.6"
"Tip Reiman","ARI","TE88","0.0","0.0","0.0","0.4","3.2","0.0","0.0","0.6"
"Connor Heyward","LV","TE89","0.3","1.4","0.0","0.2","2.0","0.0","0.0","0.6"
"Josh Cameron","JAC","WR161","0.1","0.4","0.0","0.3","3.1","0.0","0.0","0.6"
"Jonathan Mingo","DAL","WR162","0.0","0.0","0.0","0.3","3.7","0.0","0.0","0.6"
"Dont'e Thornton Jr.","LV","WR163","0.0","0.0","0.0","0.3","3.8","0.0","0.0","0.6"
"Mitchell Evans","CAR","TE90","0.0","0.1","0.0","0.3","3.3","0.0","0.0","0.6"
"Rasheen Ali","BAL","RB100","0.6","2.3","0.0","0.1","0.7","0.0","0.0","0.6"
"Jack Endries","CIN","TE91","0.0","0.0","0.0","0.3","3.3","0.0","0.0","0.6"
"Tim Patrick","NYJ","WR164","0.0","0.0","0.0","0.3","3.7","0.0","0.0","0.6"
"Payne Durham","TB","TE92","0.0","0.0","0.0","0.3","2.9","0.0","0.0","0.6"
"Travis Homer","PIT","RB101","1.2","4.6","0.0","0.1","0.4","0.0","0.0","0.6"
"Jam Miller","NE","RB102","0.8","3.2","0.0","0.1","0.9","0.0","0.0","0.5"
"Seydou Traore","MIA","TE93","0.0","0.0","0.0","0.3","3.2","0.0","0.0","0.5"
"Jeremy McNichols","WAS","RB103","0.7","2.9","0.0","0.1","1.0","0.0","0.0","0.5"
"Josh Cuevas","BAL","TE94","0.0","0.0","0.0","0.3","2.9","0.0","0.0","0.5"
"Malachi Corley","CLE","WR165","0.4","2.5","0.0","0.1","1.4","0.0","0.0","0.5"
"Adam Prentice","DEN","RB104","0.2","1.0","0.0","0.3","1.7","0.0","0.0","0.5"
"Johnny Mundt","PHI","TE95","0.0","0.0","0.0","0.3","3.0","0.0","0.0","0.5"
"Michael Burton","CLE","RB105","0.2","1.0","0.0","0.3","1.6","0.0","0.0","0.5"
"Kevin Austin Jr.","NO","WR166","0.0","0.1","0.0","0.3","2.7","0.0","0.0","0.5"
"Tyler Goodson","ATL","RB106","0.7","2.8","0.0","0.2","0.8","0.0","0.0","0.5"
"Charlie Woerner","ATL","TE96","0.0","0.0","0.0","0.3","2.6","0.0","0.0","0.5"
"Robert Henry Jr.","WAS","RB107","0.0","0.0","0.0","0.3","3.3","0.0","0.0","0.5"
"Pierre Strong Jr.","GB","RB108","1.0","3.8","0.0","0.1","0.5","0.0","0.0","0.5"
"Josh Whyle","GB","TE97","0.0","0.0","0.0","0.3","2.7","0.0","0.0","0.5"
"Raheim Sanders","CLE","RB109","0.7","2.9","0.0","0.1","1.0","0.0","0.0","0.5"
"J'Mari Taylor","JAC","RB110","0.3","1.2","0.0","0.2","1.6","0.0","0.0","0.4"
"Drew Ogletree","IND","TE98","0.0","0.0","0.0","0.2","2.5","0.0","0.0","0.4"
"Tyler Badie","DEN","RB111","0.2","0.7","0.0","0.2","1.6","0.0","0.0","0.4"
"Eric Saubert","SEA","TE99","0.0","0.0","0.0","0.2","2.2","0.0","0.0","0.4"
"Lewis Bond","HOU","WR167","0.0","0.0","0.0","0.2","2.6","0.0","0.0","0.4"
"CJ Dippre","NE","TE100","0.0","0.0","0.0","0.2","2.1","0.0","0.0","0.4"
"Brycen Tremayne","CAR","WR168","0.0","0.0","0.0","0.2","2.2","0.0","0.0","0.4"
"Ian Thomas","LV","TE101","0.0","0.0","0.0","0.2","2.2","0.0","0.0","0.4"
"Kaden Wetjen","PIT","WR169","0.1","0.4","0.0","0.2","2.3","0.0","0.0","0.4"
"Roschon Johnson","CHI","RB112","0.6","2.4","0.0","0.1","0.4","0.0","0.0","0.4"
"Riley Nowakowski","PIT","TE102","0.0","0.0","0.0","0.3","2.0","0.0","0.0","0.4"
"Reggie Virgil","ARI","WR170","0.0","0.0","0.0","0.2","2.3","0.0","0.0","0.4"
"Jared Wiley","KC","TE103","0.0","0.0","0.0","0.2","2.6","0.0","0.0","0.4"
"Kaleb Johnson","PIT","RB113","0.5","2.0","0.0","0.1","0.6","0.0","0.0","0.4"
"Dylan Laube","LV","RB114","0.3","0.8","0.0","0.2","1.3","0.0","0.0","0.4"
"Andrew Beck","NYJ","TE104","0.0","0.0","0.0","0.2","1.7","0.0","0.0","0.4"
"Sione Vaki","DET","RB115","0.4","1.6","0.0","0.1","1.0","0.0","0.0","0.3"
"Darius Cooper","PHI","WR171","0.0","0.0","0.0","0.2","1.8","0.0","0.0","0.3"
"Jack Stoll","CLE","TE105","0.0","0.0","0.0","0.2","1.8","0.0","0.0","0.3"
"Reggie Gilliam","NE","RB116","0.0","0.0","0.0","0.2","1.6","0.0","0.0","0.3"
"Lan Larison","NE","RB117","0.3","1.5","0.0","0.1","0.7","0.0","0.0","0.3"
"Derius Davis","LAC","WR172","0.1","0.7","0.0","0.1","1.3","0.0","0.0","0.3"
"Roman Hemby","LV","RB118","0.0","0.0","0.0","0.2","2.2","0.0","0.0","0.3"
"Tyler Conklin","DET","TE106","0.0","0.0","0.0","0.2","1.7","0.0","0.0","0.3"
"Isaiah Hodgins","NYG","WR173","0.0","0.0","0.0","0.1","1.5","0.0","0.0","0.3"
"Jerome Ford","WAS","RB119","0.5","1.9","0.0","0.1","0.4","0.0","0.0","0.3"
"David Sills V","TB","WR174","0.0","0.0","0.0","0.1","1.5","0.0","0.0","0.3"
"Blake Whiteheart","CLE","TE107","0.0","0.0","0.0","0.2","1.5","0.0","0.0","0.3"
"Jalen Brooks","ARI","WR175","0.0","0.0","0.0","0.1","1.8","0.0","0.0","0.3"
"Kameron Johnson","TB","WR176","0.1","0.4","0.0","0.1","1.2","0.0","0.0","0.3"
"Terion Stewart","KC","RB120","0.0","0.0","0.0","0.2","1.6","0.0","0.0","0.3"
"Cody White","SEA","WR177","0.0","0.0","0.0","0.1","1.6","0.0","0.0","0.2"
"Michael Carter","TEN","RB121","0.2","0.8","0.0","0.1","0.9","0.0","0.0","0.2"
"Xavier Restrepo","TEN","WR178","0.0","0.1","0.0","0.1","1.4","0.0","0.0","0.2"
"Devin Culp","TB","TE108","0.0","0.0","0.0","0.1","1.2","0.0","0.0","0.2"
"Tylan Wallace","CLE","WR179","0.0","0.0","0.0","0.1","1.3","0.0","0.0","0.2"
"Arian Smith","NYJ","WR180","0.1","0.8","0.0","0.1","0.8","0.0","0.0","0.2"
"Ben Yurosek","MIN","TE109","0.0","0.0","0.0","0.2","1.1","0.0","0.0","0.2"
"Chris Manhertz","NYG","TE110","0.0","0.0","0.0","0.1","1.2","0.0","0.0","0.2"
"Stone Smartt","PHI","TE111","0.0","0.0","0.0","0.1","1.2","0.0","0.0","0.2"
"Ameer Abdullah","JAC","RB122","0.1","0.6","0.0","0.1","0.5","0.0","0.0","0.2"
"Chris Moore","BAL","WR181","0.0","0.1","0.0","0.1","1.2","0.0","0.0","0.2"
"Jamal Haynes","CIN","RB123","0.3","1.1","0.0","0.0","0.4","0.0","0.0","0.2"
"Dameon Pierce","PHI","RB124","0.3","1.3","0.0","0.0","0.2","0.0","0.0","0.2"
"Max Bredeson","MIN","RB125","0.0","0.2","0.0","0.1","0.9","0.0","0.0","0.2"
"Quintin Morris","JAC","TE112","0.0","0.0","0.0","0.1","1.0","0.0","0.0","0.2"
"Jarquez Hunter","LAR","RB126","0.3","1.4","0.0","0.1","0.2","0.0","0.0","0.2"
"Jordan Watkins","SF","WR182","0.0","0.0","0.0","0.1","1.1","0.0","0.0","0.2"
"Kalel Mullings","TEN","RB127","0.2","0.7","0.0","0.1","0.5","0.0","0.0","0.2"
"Trent Sherfield Sr.","BUF","WR183","0.0","0.0","0.0","0.1","1.0","0.0","0.0","0.2"
"Mecole Hardman Jr.","BUF","WR184","0.0","0.0","0.0","0.1","1.3","0.0","0.0","0.2"
"Emmanuel Henderson Jr.","SEA","WR185","0.0","0.0","0.0","0.1","1.3","0.0","0.0","0.2"
"Will Mallory","IND","TE113","0.0","0.0","0.0","0.1","1.3","0.0","0.0","0.2"
"Patrick Ricard","NYG","RB128","0.0","0.0","0.0","0.1","0.9","0.0","0.0","0.2"
"Julius Chestnut","TEN","RB129","0.2","0.8","0.0","0.0","0.4","0.0","0.0","0.2"
"Ronnie Rivers","LAR","RB130","0.3","1.1","0.0","0.0","0.2","0.0","0.0","0.2"
"British Brooks","HOU","RB131","0.3","1.1","0.0","0.0","0.0","0.0","0.0","0.2"
"Dareke Young","LV","WR186","0.0","0.0","0.0","0.1","1.0","0.0","0.0","0.2"
"Devin Neal","NO","RB132","0.2","0.6","0.0","0.1","0.6","0.0","0.0","0.2"
"Ko Kieft","TB","TE114","0.0","0.0","0.0","0.1","0.8","0.0","0.0","0.2"
"Jacardia Wright","SEA","RB133","0.3","1.0","0.0","0.0","0.2","0.0","0.0","0.2"
"Isaac Guerendo","SF","RB134","0.2","0.9","0.0","0.1","0.5","0.0","0.0","0.2"
"Lucas Krull","DEN","TE115","0.0","0.0","0.0","0.1","0.9","0.0","0.0","0.2"
"Kylen Granson","TEN","TE116","0.0","0.0","0.0","0.1","1.1","0.0","0.0","0.2"
"Damien Martinez","GB","RB135","0.1","0.6","0.0","0.1","0.4","0.0","0.0","0.2"
"LaJohntay Wester","BAL","WR187","0.0","0.1","0.0","0.1","0.9","0.0","0.0","0.1"
"Elijah Moore","PHI","WR188","0.1","0.9","0.0","0.0","0.5","0.0","0.0","0.1"
"Noah Whittington","HOU","RB136","0.0","0.0","0.0","0.1","0.9","0.0","0.0","0.1"
"AJ Dillon","CAR","RB137","0.1","0.4","0.0","0.1","0.5","0.0","0.0","0.1"
"Skyy Moore","GB","WR189","0.0","0.2","0.0","0.1","0.9","0.0","0.0","0.1"
"Efton Chism III","NE","WR190","0.0","0.0","0.0","0.1","0.9","0.0","0.0","0.1"
"Devin Duvernay","ARI","WR191","0.0","0.1","0.0","0.1","0.7","0.0","0.0","0.1"
"Jack Velling","ATL","TE117","0.0","0.0","0.0","0.0","0.7","0.0","0.0","0.1"
"Anthony Gould","IND","WR192","0.0","0.1","0.0","0.1","0.7","0.0","0.0","0.1"
"Tyler Johnson","DAL","WR193","0.0","0.0","0.0","0.0","0.7","0.0","0.0","0.1"
"Dean Connors","LAR","RB138","0.1","0.5","0.0","0.0","0.3","0.0","0.0","0.1"
"Dallen Bentley","DEN","TE118","0.0","0.0","0.0","0.1","0.7","0.0","0.0","0.1"
"Chase Roberts","LV","WR194","0.0","0.0","0.0","0.0","0.7","0.0","0.0","0.1"
"Trebor Pena","JAC","WR195","0.0","0.0","0.0","0.0","0.6","0.0","0.0","0.1"
"Shane Zylstra","BUF","TE119","0.0","0.0","0.0","0.0","0.6","0.0","0.0","0.1"
"Dante Pettis","BUF","WR196","0.0","0.0","0.0","0.0","0.6","0.0","0.0","0.1"
"Bam Knight","ARI","RB139","0.0","0.0","0.0","0.1","0.6","0.0","0.0","0.1"
"Frank Gore Jr.","BUF","RB140","0.2","1.0","0.0","0.0","0.0","0.0","0.0","0.1"
"Brevin Jordan","HOU","TE120","0.0","0.0","0.0","0.1","0.6","0.0","0.0","0.1"
"Charlie Jones","CIN","WR197","0.0","0.0","0.0","0.1","0.5","0.0","0.0","0.1"
"Tyrell Shavers","BUF","WR198","0.0","0.0","0.0","0.1","0.7","0.0","0.0","0.1"
"Scott Matlock","LAC","DT1","0.0","0.0","0.0","0.1","0.4","0.0","0.0","0.1"
"Zamir White","NO","RB141","0.2","0.9","0.0","0.0","0.0","0.0","0.0","0.1"
"DeeJay Dallas","JAC","RB142","0.1","0.6","0.0","0.0","0.0","0.0","0.0","0.1"
"Van Jefferson","WAS","WR199","0.0","0.0","0.0","0.0","0.6","0.0","0.0","0.1"
"Hunter Long","JAC","TE121","0.0","0.0","0.0","0.1","0.5","0.0","0.0","0.1"
"Nikko Remigio","KC","WR200","0.0","0.1","0.0","0.0","0.5","0.0","0.0","0.1"
"Deven Thompkins","LV","WR201","0.0","0.0","0.0","0.1","0.4","0.0","0.0","0.1"
"Casey Washington","CAR","WR202","0.0","0.0","0.0","0.0","0.6","0.0","0.0","0.1"
"Tom Kennedy","DET","WR203","0.0","0.0","0.0","0.0","0.5","0.0","0.0","0.1"
"Cameron Latu","PHI","TE122","0.0","0.0","0.0","0.0","0.4","0.0","0.0","0.1"
"Kene Nwangwu","NYJ","RB143","0.1","0.5","0.0","0.0","0.0","0.0","0.0","0.1"
"Jelani Woods","NYJ","TE123","0.0","0.0","0.0","0.1","0.3","0.0","0.0","0.1"
"Jalin Hyatt","NYG","WR204","0.0","0.0","0.0","0.0","0.5","0.0","0.0","0.1"
"Jaydn Ott","KC","RB144","0.0","0.0","0.0","0.0","0.5","0.0","0.0","0.1"
"Theo Wease Jr.","MIA","WR205","0.0","0.0","0.0","0.0","0.4","0.0","0.0","0.0"
"Gage Larvadain","CLE","WR206","0.0","0.0","0.0","0.0","0.3","0.0","0.0","0.0"
"Ricky White III","SEA","WR207","0.0","0.0","0.0","0.0","0.3","0.0","0.0","0.0"
"Feleipe Franks","CAR","QB1","0.0","0.2","0.0","0.0","0.1","0.0","0.0","0.0"
"Zavier Scott","MIN","RB145","0.1","0.2","0.0","0.0","0.1","0.0","0.0","0.0"
"Terrace Marshall Jr.","MIA","WR208","0.0","0.0","0.0","0.0","0.3","0.0","0.0","0.0"
"Trey Palmer","NO","WR209","0.0","0.0","0.0","0.0","0.3","0.0","0.0","0.0"
"Robert Tonyan","PIT","TE124","0.0","0.0","0.0","0.0","0.2","0.0","0.0","0.0"
"David Moore","CAR","WR210","0.0","0.0","0.0","0.0","0.2","0.0","0.0","0.0"
"Britain Covey","PHI","WR211","0.0","0.0","0.0","0.0","0.2","0.0","0.0","0.0"
"Noah Thomas","CIN","WR212","0.0","0.0","0.0","0.0","0.2","0.0","0.0","0.0"
"Jacob Cowing","SF","WR213","0.0","0.0","0.0","0.0","0.2","0.0","0.0","0.0"
"Brandon Aiyuk","SF","WR214","0.0","0.1","0.0","0.0","0.0","0.0","0.0","0.0"
"Braxton Berrios","NYG","WR215","0.0","0.0","0.0","0.0","0.0","0.0","0.0","0.0"
"Myles Price","MIN","WR216","0.0","0.0","0.0","0.0","0.0","0.0","0.0","0.0"
"Laquon Treadwell","IND","WR217","0.0","0.0","0.0","0.0","0.0","0.0","0.0","0.0"
"Gunner Olszewski","NYG","WR218","0.0","0.0","0.0","0.0","0.0","0.0","0.0","0.0"
"Mason Kinsey","TEN","WR219","0.0","0.0","0.0","0.0","0.0","0.0","0.0","0.0"
"Austin Trammell","JAC","WR220","0.0","0.0","0.0","0.0","0.0","0.0","0.0","0.0"
"Michael Bandy","DEN","WR221","0.0","0.0","0.0","0.0","0.0","0.0","0.0","0.0"
"Xavier Weaver","ARI","WR222","0.0","0.0","0.0","0.0","0.0","0.0","0.0","0.0"
"Dylan Drummond","ATL","WR223","0.0","0.0","0.0","0.0","0.0","0.0","0.0","0.0"
"Jeshaun Jones","MIN","WR224","0.0","0.0","0.0","0.0","0.0","0.0","0.0","0.0"
"Ke'Shawn Williams","CIN","WR225","0.0","0.0","0.0","0.0","0.0","0.0","0.0","0.0"
"Chris Brazzell II","CAR","WR226","0.0","0.0","0.0","0.0","0.0","0.0","0.0","0.0"
"Jacob Saylors","DET","RB146","0.0","0.0","0.0","0.0","0.0","0.0","0.0","0.0"
"Chris Collier","LV","RB147","0.0","0.0","0.0","0.0","0.0","0.0","0.0","0.0"
"Josh Williams","TB","RB148","0.0","0.0","0.0","0.0","0.0","0.0","0.0","0.0"
"Cole Turner","MIA","TE125","0.0","0.0","0.0","0.0","0.0","0.0","0.0","0.0"
"Julian Hill","NE","TE126","0.0","0.0","0.0","0.0","0.0","0.0","0.0","0.0"
""
""