"Player","Team","ATT","CMP","YDS","TDS","INTS","ATT","YDS","TDS","FL","FPTS"
" ","","",""
"Jalen Hurts","PHI","28.8","19.1","227.9","1.6","0.6","6.7","27.9","0.6","0.2","20.6"
"Josh Allen","BUF","31.0","20.1","228.3","1.5","0.7","6.2","29.2","0.5","0.2","19.9"
"Lamar Jackson","BAL","28.1","18.5","231.1","1.6","0.6","7.4","38.4","0.2","0.2","19.9"
"Joe Burrow","CIN","35.3","23.8","263.4","2.1","0.7","2.7","9.3","0.1","0.2","19.5"
"Jaxson Dart","NYG","31.3","20.0","226.4","1.5","0.7","5.8","30.5","0.4","0.2","19.4"
"Justin Herbert","LAC","30.8","20.5","242.5","1.8","0.7","4.6","22.1","0.2","0.2","18.8"
"Dak Prescott","DAL","34.4","22.8","259.3","1.9","0.7","2.7","10.0","0.1","0.2","18.3"
"Caleb Williams","CHI","33.1","20.1","238.2","1.7","0.6","4.2","21.4","0.1","0.2","18.1"
"Jayden Daniels","WAS","32.2","20.6","217.1","1.3","0.6","7.4","36.6","0.2","0.2","18.0"
"Drake Maye","NE","32.1","21.3","239.2","1.5","0.7","5.1","24.9","0.2","0.2","17.6"
"Matthew Stafford","LAR","32.9","21.0","250.3","2.0","0.6","1.4","2.3","0.0","0.2","17.3"
"Trevor Lawrence","JAC","32.0","19.8","224.1","1.5","0.7","4.3","18.3","0.3","0.2","17.2"
"Brock Purdy","SF","32.2","20.9","246.2","1.5","0.8","3.8","14.5","0.2","0.2","17.2"
"Jared Goff","DET","33.3","22.2","258.8","1.8","0.6","1.6","3.3","0.0","0.2","17.1"
"Bo Nix","DEN","34.9","22.2","230.8","1.5","0.7","4.4","18.2","0.2","0.2","17.0"
"Baker Mayfield","TB","32.0","20.8","231.5","1.6","0.8","3.2","16.8","0.1","0.2","16.8"
"Kyler Murray","MIN","32.4","21.5","221.1","1.3","0.7","4.8","26.4","0.2","0.2","16.7"
"Jordan Love","GB","32.4","20.9","242.0","1.6","0.7","3.0","11.4","0.1","0.2","16.5"
"Malik Willis","MIA","27.9","18.6","201.6","1.0","0.6","6.8","33.9","0.3","0.2","16.4"
"Patrick Mahomes II","KC","33.1","21.0","232.0","1.5","0.7","2.9","15.5","0.1","0.2","16.4"
"Tyler Shough","NO","34.0","21.9","234.4","1.3","0.7","4.2","16.7","0.2","0.2","16.4"
"C.J. Stroud","HOU","32.8","21.1","237.7","1.5","0.7","3.0","12.9","0.1","0.2","16.3"
"Daniel Jones","IND","32.7","20.9","234.1","1.3","0.7","3.5","14.7","0.2","0.2","16.2"
"Sam Darnold","SEA","31.3","20.1","237.3","1.6","0.8","2.7","8.5","0.1","0.2","15.9"
"Bryce Young","CAR","31.5","19.7","213.7","1.3","0.7","3.8","17.9","0.2","0.2","15.5"
"Aaron Rodgers","PIT","31.6","20.6","225.2","1.6","0.7","1.5","4.9","0.0","0.2","15.1"
"Cam Ward","TEN","33.6","20.8","223.9","1.3","0.6","2.7","10.6","0.1","0.2","14.9"
"Jacoby Brissett","ARI","34.8","21.7","225.6","1.2","0.7","2.5","10.6","0.1","0.2","14.3"
"Geno Smith","NYJ","30.2","20.5","217.2","1.2","0.8","3.2","11.8","0.1","0.2","14.1"
"Deshaun Watson","CLE","30.7","19.4","204.6","1.1","0.8","3.3","14.7","0.1","0.2","13.4"
"Tua Tagovailoa","ATL","32.0","21.3","204.8","1.2","0.8","1.9","4.2","0.0","0.2","12.5"
"Kirk Cousins","LV","30.9","20.7","178.0","1.2","0.5","1.4","2.9","0.1","0.2","11.6"
"Fernando Mendoza","LV","1.2","0.8","79.5","0.5","0.2","1.3","4.7","0.1","0.1","5.5"
"Michael Penix Jr.","ATL","1.4","0.8","44.3","0.2","0.1","0.3","1.5","0.0","0.1","2.6"
"Jake Browning","TB","1.3","0.9","9.9","0.1","0.0","0.1","0.3","0.0","0.0","0.7"
"J.J. McCarthy","MIN","1.4","0.9","9.6","0.1","0.0","0.1","0.4","0.0","0.0","0.7"
"Joe Flacco","CIN","1.5","0.9","9.7","0.1","0.0","0.0","0.1","0.0","0.0","0.7"
"Drew Allar","PIT","1.3","0.9","9.7","0.1","0.0","0.1","0.3","0.0","0.0","0.7"
"Tanner McKee","PHI","1.2","0.8","9.3","0.1","0.0","0.1","0.2","0.0","0.0","0.6"
"Nick Mullens","JAC","1.3","0.9","10.3","0.1","0.1","0.1","0.2","0.0","0.0","0.6"
"Riley Leonard","IND","1.4","0.9","9.2","0.1","0.0","0.1","0.3","0.0","0.0","0.6"
"Ty Simpson","LAR","1.3","0.8","8.7","0.1","0.0","0.1","0.3","0.0","0.0","0.6"
"Joshua Dobbs","DET","1.2","0.8","7.7","0.1","0.0","0.1","0.4","0.0","0.0","0.6"
"Jarrett Stidham","DEN","1.4","0.8","9.4","0.1","0.0","0.1","0.4","0.0","0.0","0.6"
"Tyson Bagent","CHI","1.3","0.8","9.2","0.1","0.0","0.1","0.4","0.0","0.0","0.6"
"Kenny Pickett","CAR","1.3","0.8","9.2","0.1","0.0","0.1","0.2","0.0","0.0","0.6"
"Davis Mills","HOU","1.4","0.9","9.1","0.1","0.0","0.1","0.2","0.0","0.0","0.6"
"Cade Klubnik","NYJ","1.3","0.8","8.5","0.1","0.1","0.1","0.4","0.0","0.0","0.6"
"Tyrod Taylor","GB","1.2","0.8","8.0","0.1","0.0","0.1","0.7","0.0","0.0","0.5"
"Mitchell Trubisky","TEN","1.4","0.9","9.1","0.1","0.0","0.1","0.2","0.0","0.0","0.5"
"Spencer Rattler","NO","1.4","0.9","8.9","0.0","0.0","0.1","0.4","0.0","0.0","0.5"
"Gardner Minshew II","ARI","1.5","0.9","9.6","0.0","0.0","0.1","0.2","0.0","0.0","0.5"
"Mac Jones","SF","1.4","0.9","8.3","0.1","0.0","0.1","0.1","0.0","0.0","0.5"
"Drew Lock","SEA","1.2","0.8","7.8","0.1","0.0","0.1","0.3","0.0","0.0","0.5"
"Kyle Allen","BUF","1.3","0.8","7.7","0.0","0.1","0.1","0.2","0.0","0.0","0.4"
"Shedeur Sanders","CLE","1.3","0.9","4.9","0.0","0.0","0.4","1.3","0.0","0.0","0.4"
"Trey Lance","LAC","1.3","0.8","4.5","0.0","0.0","0.2","0.3","0.0","0.0","0.3"
"Justin Fields","KC","1.2","0.7","3.9","0.0","0.0","0.3","0.6","0.0","0.0","0.3"
"Marcus Mariota","WAS","1.4","0.8","4.7","0.0","0.0","0.2","0.3","0.0","0.0","0.3"
"Jameis Winston","NYG","1.3","0.8","4.9","0.0","0.0","0.2","0.0","0.0","0.0","0.3"
"Sam Howell","DAL","1.3","0.8","4.3","0.0","0.0","0.5","0.1","0.0","0.0","0.3"
"Tyler Huntley","BAL","1.2","0.8","3.9","0.0","0.0","0.2","0.3","0.0","0.0","0.3"
"Quinn Ewers","MIA","1.3","0.8","4.6","0.0","0.0","0.2","0.1","0.0","0.0","0.2"
"Tommy DeVito","NE","1.4","0.9","4.2","0.0","0.0","0.3","0.2","0.0","0.0","0.2"
"Mason Rudolph","PIT","0.0","0.0","0.0","0.0","0.0","0.0","0.0","0.0","0.0","0.0"
"Carson Beck","ARI","0.0","0.0","0.0","0.0","0.0","0.0","0.0","0.0","0.0","0.0"
"Josh Johnson","CIN","0.0","0.0","0.0","0.0","0.0","0.0","0.0","0.0","0.0","0.0"
"Stetson Bennett IV","LAR","0.0","0.0","0.0","0.0","0.0","0.0","0.0","0.0","0.0","0.0"
"Aidan O'Connell","LV","0.0","0.0","0.0","0.0","0.0","0.0","0.0","0.0","0.0","0.0"
"Joe Milton III","DAL","0.0","0.0","0.0","0.0","0.0","0.0","0.0","0.0","0.0","0.0"
"Will Howard","PIT","0.0","0.0","0.0","0.0","0.0","0.0","0.0","0.0","0.0","0.0"
"Brady Cook","NYJ","0.0","0.0","0.0","0.0","0.0","0.0","0.0","0.0","0.0","0.0"
""
""