"Player","Team","TACKLE","ASSIST","SACK","PD","INT","FF","FR","TD","FPTS"
"Aidan Hutchinson","DET","2.8","1.1","0.8","0.1","0.0","0.2","0.1","0.0","9.8"
"Jeffery Simmons","TEN","3.5","1.8","0.4","0.2","0.0","0.1","0.1","0.0","9.4"
"Andrew Van Ginkel","MIN","3.2","1.6","0.4","0.5","0.1","0.0","0.1","0.0","9.3"
"Maxx Crosby","LV","3.3","1.5","0.6","0.2","0.0","0.1","0.0","0.0","9.2"
"Brian Burns","NYG","2.9","1.5","0.5","0.3","0.0","0.1","0.1","0.0","8.9"
"Myles Garrett","LAR","2.7","0.9","0.7","0.0","0.0","0.2","0.1","0.0","8.7"
"T.J. Watt","PIT","2.3","1.4","0.5","0.4","0.1","0.2","0.1","0.0","8.3"
"Byron Young","LAR","3.0","1.8","0.5","0.0","0.0","0.1","0.0","0.0","8.2"
"Dallas Turner","MIN","2.7","1.7","0.5","0.2","0.0","0.1","0.0","0.0","8.2"
"Tuli Tuipulotu","LAC","2.5","0.9","0.7","0.2","0.0","0.1","0.1","0.0","8.2"
"Carl Granderson","NO","3.3","1.4","0.3","0.3","0.0","0.0","0.0","0.0","8.1"
"Danielle Hunter","HOU","2.3","1.3","0.6","0.1","0.0","0.1","0.0","0.0","7.9"
"Will Anderson Jr.","HOU","2.3","1.1","0.6","0.1","0.0","0.2","0.1","0.0","7.7"
"Nick Bosa","SF","2.7","1.1","0.5","0.1","0.0","0.1","0.1","0.0","7.7"
"Jared Verse","CLE","2.6","1.3","0.4","0.1","0.0","0.1","0.1","0.0","7.6"
"Boye Mafe","CIN","2.6","1.1","0.5","0.3","0.0","0.1","0.0","0.0","7.5"
"Derrick Brown","CAR","3.3","2.1","0.2","0.2","0.0","0.0","0.0","0.0","7.5"
"Cameron Heyward","PIT","3.2","1.9","0.2","0.2","0.0","0.0","0.0","0.0","7.3"
"Austin Booker","CHI","2.4","1.3","0.4","0.5","0.0","0.1","0.0","0.0","7.2"
"Byron Murphy II","SEA","2.8","2.2","0.3","0.0","0.0","0.0","0.0","0.0","7.2"
"Montez Sweat","CHI","2.5","1.2","0.4","0.1","0.0","0.1","0.0","0.0","7.2"
"DeMarcus Lawrence","SEA","2.3","1.4","0.4","0.1","0.0","0.1","0.1","0.0","7.1"
"Trey Hendrickson","BAL","2.1","0.8","0.6","0.1","0.0","0.1","0.0","0.0","7.1"
"Abdul Carter","NYG","2.2","1.3","0.5","0.0","0.0","0.2","0.1","0.0","7.0"
"Quinnen Williams","DAL","2.6","1.5","0.3","0.0","0.0","0.1","0.0","0.0","7.0"
"Nik Bonitto","DEN","2.1","0.8","0.6","0.1","0.0","0.1","0.0","0.0","7.0"
"Jalen Redmond","MIN","2.8","1.6","0.2","0.2","0.0","0.1","0.1","0.0","7.0"
"Laiatu Latu","IND","2.2","1.0","0.4","0.2","0.0","0.1","0.1","0.0","7.0"
"Leonard Williams","SEA","2.8","1.6","0.3","0.1","0.0","0.0","0.0","0.0","6.9"
"Josh Hines-Allen","JAC","2.2","1.2","0.6","0.1","0.0","0.0","0.0","0.0","6.9"
"DeForest Buckner","IND","2.9","1.6","0.3","0.1","0.0","0.0","0.0","0.0","6.9"
"Nathan Shepherd","NO","3.1","1.6","0.2","0.1","0.0","0.1","0.0","0.0","6.9"
"Jonathan Greenard","PHI","2.3","1.1","0.5","0.2","0.0","0.1","0.0","0.0","6.9"
"Harold Landry III","NE","2.4","1.3","0.5","0.1","0.0","0.0","0.0","0.0","6.7"
"Yaya Diaby","TB","2.3","1.2","0.5","0.1","0.0","0.1","0.0","0.0","6.7"
"Bradley Chubb","BUF","2.0","1.3","0.5","0.1","0.0","0.1","0.1","0.0","6.7"
"Greg Rousseau","BUF","2.4","1.2","0.4","0.1","0.0","0.1","0.0","0.0","6.7"
"Travon Walker","JAC","2.3","1.4","0.4","0.1","0.0","0.1","0.0","0.0","6.6"
"Jalyx Hunt","PHI","2.1","1.2","0.4","0.2","0.0","0.1","0.1","0.0","6.6"
"Donovan Ezeiruaku","DAL","2.5","1.4","0.3","0.1","0.0","0.1","0.0","0.0","6.6"
"Daron Payne","WAS","2.9","1.5","0.2","0.1","0.0","0.1","0.0","0.0","6.6"
"Brenton Cox Jr.","GB","2.3","1.0","0.4","0.1","0.0","0.1","0.1","0.0","6.6"
"Jalen Carter","PHI","2.4","1.3","0.3","0.2","0.0","0.1","0.0","0.0","6.6"
"Jaelan Phillips","CAR","2.2","1.3","0.4","0.2","0.0","0.1","0.0","0.0","6.5"
"Jonathan Allen","CIN","2.9","1.6","0.2","0.0","0.0","0.0","0.0","0.0","6.5"
"Chase Young","NO","2.1","0.9","0.5","0.1","0.0","0.1","0.0","0.0","6.5"
"Kobie Turner","LAR","2.4","1.4","0.4","0.1","0.0","0.0","0.0","0.0","6.5"
"Alex Highsmith","PIT","2.2","1.1","0.4","0.2","0.0","0.1","0.0","0.0","6.3"
"Jordan Davis","PHI","2.8","1.6","0.2","0.1","0.0","0.0","0.0","0.0","6.3"
"Odafe Oweh","WAS","1.8","1.0","0.6","0.0","0.0","0.1","0.0","0.0","6.2"
"Jahlani Tavai","JAC","3.0","1.3","0.1","0.1","0.0","0.0","0.0","0.0","6.2"
"Zach Sieler","MIA","2.3","1.2","0.3","0.2","0.0","0.0","0.0","0.0","6.1"
"Dexter Lawrence II","CIN","2.5","1.4","0.3","0.1","0.0","0.0","0.0","0.0","6.0"
"Adam Butler","LV","2.5","1.6","0.2","0.1","0.0","0.0","0.0","0.0","6.0"
"George Karlaftis III","KC","2.2","1.0","0.4","0.1","0.0","0.0","0.0","0.0","6.0"
"Rueben Bain Jr.","TB","2.1","1.1","0.4","0.2","0.0","0.1","0.0","0.0","6.0"
"Milton Williams","NE","2.2","1.3","0.3","0.1","0.0","0.0","0.0","0.0","6.0"
"Derick Hall","SEA","2.2","0.9","0.3","0.1","0.0","0.1","0.0","0.0","6.0"
"Jonathon Cooper","DEN","2.0","1.3","0.4","0.1","0.0","0.0","0.0","0.0","6.0"
"Davon Godchaux","NO","2.9","1.5","0.1","0.0","0.0","0.0","0.0","0.0","5.9"
"DJ Wonnum","DET","2.1","1.5","0.3","0.2","0.0","0.0","0.1","0.0","5.9"
"Jadeveon Clowney","HOU","2.2","0.9","0.4","0.0","0.0","0.1","0.0","0.0","5.9"
"Zach Allen","DEN","2.1","1.3","0.4","0.2","0.0","0.0","0.0","0.0","5.9"
"Thomas Booker IV","LV","2.7","1.4","0.1","0.1","0.0","0.0","0.0","0.0","5.9"
"A'Shawn Robinson","TB","2.6","1.5","0.1","0.1","0.0","0.0","0.0","0.0","5.8"
"Rashan Gary","DAL","1.9","1.1","0.4","0.1","0.0","0.1","0.1","0.0","5.8"
"Travis Jones","BAL","2.2","1.3","0.2","0.2","0.0","0.1","0.1","0.0","5.7"
"Za'Darius Smith","ATL","2.1","0.9","0.4","0.0","0.0","0.0","0.0","0.0","5.7"
"Nick Herbig","PIT","1.5","0.7","0.5","0.1","0.0","0.2","0.1","0.0","5.7"
"Levi Drake Rodriguez","MIN","2.7","1.4","0.1","0.0","0.0","0.0","0.0","0.0","5.7"
"Ed Oliver","BUF","2.1","1.1","0.3","0.0","0.0","0.1","0.0","0.0","5.7"
"Gervon Dexter Sr.","CHI","2.2","1.4","0.3","0.1","0.0","0.0","0.0","0.0","5.7"
"Tommy Togiai","HOU","2.5","1.5","0.1","0.1","0.0","0.0","0.1","0.0","5.6"
"David Bailey","NYJ","1.7","1.0","0.4","0.1","0.0","0.1","0.1","0.0","5.6"
"Josh Sweat","ARI","1.4","0.7","0.5","0.0","0.0","0.2","0.1","0.0","5.6"
"Dayo Odeyingbo","CHI","1.9","0.9","0.3","0.0","0.0","0.1","0.1","0.0","5.6"
"Devonte Wyatt","GB","2.1","1.1","0.3","0.1","0.0","0.0","0.0","0.0","5.6"
"Dre'Mont Jones","NE","1.9","1.0","0.4","0.1","0.0","0.0","0.0","0.0","5.5"
"Lukas Van Ness","GB","2.1","1.0","0.3","0.0","0.0","0.0","0.0","0.0","5.5"
"Zach Harrison","ATL","2.0","1.3","0.3","0.1","0.0","0.1","0.0","0.0","5.5"
"Charles Omenihu","WAS","2.0","1.1","0.2","0.3","0.0","0.0","0.0","0.0","5.4"
"Keeanu Benton","PIT","2.1","1.2","0.2","0.1","0.0","0.1","0.0","0.0","5.4"
"Khalil Mack","LAC","1.5","0.8","0.3","0.2","0.0","0.1","0.0","0.0","5.4"
"Mason Graham","CLE","2.4","1.3","0.1","0.2","0.0","0.0","0.0","0.0","5.4"
"Uchenna Nwosu","SEA","1.6","1.0","0.5","0.1","0.0","0.0","0.0","0.0","5.4"
"Harrison Phillips","NYJ","2.4","1.4","0.1","0.1","0.0","0.0","0.0","0.0","5.4"
"LaCale London","ATL","2.2","1.2","0.2","0.0","0.0","0.0","0.0","0.0","5.3"
"Christen Miller","NO","2.4","1.2","0.1","0.1","0.0","0.0","0.0","0.0","5.2"
"Ashton Gillotte","KC","2.3","1.0","0.1","0.1","0.0","0.0","0.0","0.0","5.2"
"Grover Stewart","IND","2.2","1.4","0.1","0.1","0.0","0.0","0.0","0.0","5.2"
"Dennis Gardeck","JAC","2.0","0.8","0.2","0.3","0.0","0.1","0.0","0.0","5.2"
"Nolan Smith Jr.","PHI","1.7","1.0","0.3","0.1","0.0","0.1","0.1","0.0","5.2"
"C.J. West","SF","2.4","1.2","0.1","0.0","0.0","0.0","0.0","0.0","5.2"
"Jonah Laulu","LV","2.2","1.3","0.2","0.2","0.0","0.0","0.0","0.0","5.1"
"Derrick Harmon","PIT","1.9","1.1","0.3","0.1","0.0","0.0","0.0","0.0","5.1"
"Javon Hargrave","GB","2.1","1.3","0.2","0.0","0.0","0.0","0.1","0.0","5.1"
"Chris Jones","KC","1.6","0.9","0.4","0.1","0.0","0.0","0.0","0.0","5.1"
"Jarran Reed","SEA","1.9","1.2","0.2","0.1","0.0","0.0","0.0","0.0","5.0"
"Bralen Trice","ATL","1.9","0.8","0.3","0.1","0.0","0.1","0.0","0.0","5.0"
"B.J. Hill","CIN","2.2","1.4","0.1","0.0","0.0","0.0","0.0","0.0","5.0"
"Calais Campbell","BAL","2.1","1.1","0.3","0.0","0.0","0.0","0.0","0.0","5.0"
"Jermaine Johnson II","TEN","1.9","1.2","0.3","0.1","0.0","0.0","0.0","0.0","5.0"
"Cameron Thomas","ATL","2.2","0.9","0.2","0.0","0.0","0.0","0.0","0.0","5.0"
"Osa Odighizuwa","SF","2.1","1.0","0.2","0.0","0.0","0.0","0.0","0.0","4.9"
"T'Vondre Sweat","NYJ","2.1","1.3","0.1","0.1","0.0","0.0","0.0","0.0","4.9"
"Akheem Mesidor","LAC","1.4","0.8","0.4","0.1","0.0","0.1","0.1","0.0","4.9"
"Will McDonald IV","NYJ","1.4","0.7","0.5","0.1","0.0","0.0","0.0","0.0","4.8"
"Baron Browning","ARI","1.8","0.8","0.2","0.2","0.0","0.0","0.0","0.0","4.8"
"Javon Kinlaw","WAS","2.2","1.1","0.1","0.0","0.0","0.0","0.0","0.0","4.8"
"K'Lavon Chaisson","WAS","1.4","0.7","0.3","0.1","0.0","0.1","0.1","0.0","4.7"
"Deone Walker","BUF","2.0","1.1","0.1","0.1","0.0","0.0","0.0","0.0","4.7"
"Grady Jarrett","CHI","1.9","1.2","0.1","0.0","0.0","0.1","0.0","0.0","4.7"
"Maliek Collins","CLE","1.8","0.9","0.3","0.0","0.0","0.0","0.0","0.0","4.7"
"Walter Nolen III","ARI","1.7","0.9","0.2","0.1","0.0","0.0","0.0","0.0","4.7"
"Moro Ojomo","PHI","1.7","1.0","0.3","0.0","0.0","0.0","0.0","0.0","4.6"
"Vita Vea","TB","1.7","1.0","0.3","0.1","0.0","0.0","0.0","0.0","4.6"
"Kayvon Thibodeaux","NYG","1.5","0.9","0.3","0.1","0.0","0.1","0.0","0.0","4.6"
"Chop Robinson","MIA","1.4","0.9","0.3","0.1","0.0","0.1","0.0","0.0","4.6"
"D.J. Jones","DEN","2.0","1.2","0.1","0.0","0.0","0.0","0.0","0.0","4.6"
"David Onyemata","NYJ","2.2","1.2","0.1","0.0","0.0","0.0","0.0","0.0","4.5"
"Kwity Paye","LV","1.7","0.9","0.2","0.1","0.0","0.0","0.0","0.0","4.5"
"Derrick Moore","DET","1.6","0.7","0.3","0.1","0.0","0.0","0.0","0.0","4.5"
"Mykel Williams","SF","1.7","0.9","0.2","0.0","0.0","0.1","0.1","0.0","4.5"
"Brandon Dorlus","ATL","1.5","0.8","0.3","0.0","0.0","0.0","0.0","0.0","4.4"
"Clelin Ferrell","MIA","1.9","0.8","0.2","0.0","0.0","0.0","0.0","0.0","4.4"
"Malcolm Roach","DEN","1.9","1.1","0.1","0.1","0.0","0.0","0.0","0.0","4.4"
"Justin Eboigbe","LAC","1.9","0.8","0.2","0.0","0.0","0.0","0.0","0.0","4.4"
"Mike Green","BAL","1.5","1.0","0.3","0.0","0.0","0.1","0.0","0.0","4.4"
"Elijah Ponder","NE","1.6","0.7","0.3","0.1","0.0","0.0","0.0","0.0","4.4"
"DaVon Hamilton","JAC","2.0","1.2","0.1","0.1","0.0","0.0","0.0","0.0","4.4"
"Zion Young","BAL","1.7","0.7","0.2","0.1","0.0","0.0","0.0","0.0","4.4"
"Samson Ebukam","ATL","1.6","0.8","0.2","0.1","0.0","0.1","0.0","0.0","4.4"
"Malachi Lawrence","DAL","1.6","0.8","0.2","0.1","0.0","0.1","0.0","0.0","4.4"
"Nnamdi Madubuike","BAL","1.5","0.8","0.2","0.2","0.0","0.1","0.0","0.0","4.4"
"Joseph Ossai","NYJ","1.5","1.0","0.2","0.1","0.0","0.1","0.0","0.0","4.3"
"Sheldon Rankins","HOU","1.7","1.0","0.2","0.0","0.0","0.0","0.0","0.0","4.3"
"Trevis Gipson","CAR","1.7","0.7","0.2","0.1","0.0","0.1","0.0","0.0","4.2"
"Poona Ford","LAR","1.9","1.1","0.1","0.1","0.0","0.0","0.0","0.0","4.2"
"Arik Armstead","JAC","1.5","0.9","0.3","0.0","0.0","0.0","0.0","0.0","4.2"
"Cameron Jordan","NO","1.6","0.7","0.2","0.1","0.0","0.1","0.0","0.0","4.2"
"Teair Tart","LAC","1.7","0.8","0.1","0.1","0.0","0.1","0.1","0.0","4.2"
"Roy Lopez","ARI","1.8","1.0","0.1","0.1","0.0","0.0","0.0","0.0","4.2"
"Sam Okuayinonu","SF","1.8","0.7","0.2","0.0","0.0","0.0","0.0","0.0","4.1"
"Patrick Jones II","CAR","1.7","0.8","0.2","0.0","0.0","0.0","0.0","0.0","4.1"
"Braden Fiske","LAR","1.4","0.8","0.3","0.1","0.0","0.0","0.0","0.0","4.1"
"Bobby Brown III","CAR","1.9","1.2","0.0","0.0","0.0","0.0","0.0","0.0","4.1"
"Josh Uche","MIA","1.3","0.6","0.3","0.1","0.0","0.0","0.0","0.0","4.1"
"Tyler Davis","LAR","1.8","1.1","0.1","0.1","0.0","0.0","0.0","0.0","4.0"
"Arden Key","IND","1.2","0.7","0.3","0.1","0.0","0.1","0.0","0.0","4.0"
"Barryn Sorrell","GB","1.5","0.8","0.2","0.1","0.0","0.0","0.1","0.0","4.0"
"John Franklin-Myers","TEN","1.3","0.9","0.3","0.0","0.0","0.0","0.0","0.0","4.0"
"Kenneth Grant","MIA","1.6","1.0","0.1","0.1","0.0","0.0","0.0","0.0","4.0"
"Darius Robinson","ARI","1.9","1.1","0.1","0.0","0.0","0.0","0.0","0.0","4.0"
"Kenny Clark","DAL","1.6","1.0","0.2","0.1","0.0","0.0","0.0","0.0","4.0"
"Calijah Kancey","TB","1.4","0.6","0.3","0.0","0.0","0.1","0.0","0.0","4.0"
"Shelby Harris","NYG","1.7","1.0","0.1","0.1","0.0","0.0","0.0","0.0","4.0"
"Al-Quadin Muhammad","TB","1.3","0.6","0.3","0.0","0.0","0.0","0.0","0.0","4.0"
"Dani Dennis-Sutton","GB","1.6","0.7","0.2","0.1","0.0","0.0","0.0","0.0","4.0"
"Karl Brooks","GB","1.5","1.0","0.1","0.1","0.0","0.0","0.0","0.0","3.9"
"Jamaree Caldwell","LAC","1.6","1.0","0.1","0.1","0.0","0.1","0.0","0.0","3.9"
"Tyrion Ingram-Dawkins","MIN","1.7","0.7","0.1","0.0","0.0","0.0","0.0","0.0","3.9"
"Joshua Josephs","WAS","1.7","0.7","0.2","0.1","0.0","0.0","0.0","0.0","3.9"
"Zaven Collins","ARI","1.5","0.7","0.2","0.1","0.0","0.0","0.0","0.0","3.9"
"Kain Medrano","WAS","1.5","0.6","0.2","0.1","0.0","0.0","0.0","0.0","3.9"
"Caleb Banks","MIN","1.5","0.9","0.2","0.1","0.0","0.0","0.0","0.0","3.9"
"Christian Barmore","NE","1.6","0.9","0.2","0.0","0.0","0.0","0.0","0.0","3.8"
"Dondrea Tillman","DEN","1.4","1.0","0.2","0.1","0.0","0.0","0.0","0.0","3.8"
"R Mason Thomas","KC","1.2","0.5","0.3","0.1","0.0","0.1","0.0","0.0","3.8"
"Josaiah Stewart","LAR","1.4","0.6","0.2","0.2","0.0","0.0","0.0","0.0","3.8"
"Jonah Elliss","DEN","1.6","0.7","0.2","0.1","0.0","0.0","0.0","0.0","3.8"
"Tershawn Wharton","CAR","1.5","1.2","0.1","0.0","0.0","0.0","0.0","0.0","3.8"
"Von Miller","DAL","1.2","0.5","0.3","0.0","0.0","0.0","0.0","0.0","3.8"
"Solomon Thomas","TEN","1.8","0.9","0.1","0.0","0.0","0.0","0.0","0.0","3.8"
"Logan Hall","HOU","1.7","0.9","0.1","0.1","0.0","0.0","0.0","0.0","3.7"
"Adetomiwa Adebawore","IND","1.6","0.8","0.2","0.1","0.0","0.0","0.0","0.0","3.7"
"Eyioma Uwazurike","DEN","1.7","1.1","0.1","0.0","0.0","0.0","0.0","0.0","3.7"
"Darius Alexander","NYG","1.5","0.9","0.2","0.1","0.0","0.0","0.0","0.0","3.7"
"Keldric Faulk","TEN","1.4","0.6","0.2","0.1","0.0","0.1","0.0","0.0","3.7"
"Isaiah McGuire","CLE","1.4","0.7","0.2","0.0","0.0","0.1","0.0","0.0","3.6"
"Warren Brinson","GB","1.5","0.8","0.1","0.1","0.0","0.0","0.0","0.0","3.6"
"Trey Moore","MIA","1.8","0.8","0.0","0.1","0.0","0.0","0.0","0.0","3.6"
"Alim McNeill","DET","1.2","0.8","0.2","0.1","0.0","0.1","0.0","0.0","3.6"
"Gabe Jacas","NE","1.4","0.6","0.2","0.1","0.0","0.0","0.0","0.0","3.6"
"Kingsley Enagbare","NYJ","1.6","0.7","0.1","0.1","0.0","0.0","0.0","0.0","3.6"
"Micah Parsons","GB","0.8","0.5","0.4","0.0","0.0","0.1","0.0","0.0","3.6"
"Cam Jackson","CAR","1.7","0.9","0.1","0.1","0.0","0.0","0.0","0.0","3.5"
"Peter Woods","KC","1.4","0.8","0.1","0.1","0.0","0.0","0.0","0.0","3.5"
"Sebastian Joseph-Day","PIT","1.7","0.9","0.1","0.0","0.0","0.0","0.0","0.0","3.5"
"Dante Fowler Jr.","SEA","1.2","0.5","0.3","0.0","0.0","0.0","0.0","0.0","3.5"
"Alfred Collins","SF","1.1","0.8","0.1","0.1","0.0","0.1","0.1","0.0","3.5"
"BJ Ojulari","ARI","1.4","0.6","0.1","0.1","0.0","0.0","0.0","0.0","3.5"
"Jacob Martin","TEN","1.3","0.6","0.2","0.0","0.0","0.0","0.0","0.0","3.4"
"Myles Murphy","CIN","1.3","0.8","0.2","0.1","0.0","0.0","0.0","0.0","3.4"
"Cameron Goode","MIA","1.4","0.6","0.1","0.1","0.0","0.0","0.0","0.0","3.4"
"Dalvin Tomlinson","LAC","1.4","0.8","0.2","0.0","0.0","0.0","0.0","0.0","3.4"
"Dante Stills","ARI","1.5","0.9","0.1","0.0","0.0","0.0","0.0","0.0","3.3"
"Michael Hoecht","BUF","1.4","0.6","0.2","0.1","0.0","0.0","0.0","0.0","3.3"
"DeWayne Carter","BUF","1.5","0.8","0.1","0.0","0.0","0.0","0.0","0.0","3.3"
"John Jenkins","BAL","1.4","1.0","0.1","0.0","0.0","0.0","0.0","0.0","3.3"
"JT Tuimoloau","IND","1.1","0.8","0.3","0.0","0.0","0.0","0.0","0.0","3.3"
"John Ridgeway III","NO","1.6","0.8","0.0","0.0","0.0","0.0","0.0","0.0","3.3"
"Princely Umanmielen","CAR","1.2","0.6","0.1","0.1","0.0","0.1","0.0","0.0","3.2"
"Gracen Halton","SF","1.5","0.8","0.1","0.1","0.0","0.0","0.0","0.0","3.2"
"Tavius Robinson","BAL","1.2","0.7","0.2","0.1","0.0","0.0","0.0","0.0","3.2"
"Anthony Nelson","TB","1.3","0.5","0.1","0.1","0.0","0.0","0.0","0.0","3.2"
"Maason Smith","ATL","1.4","0.7","0.1","0.1","0.0","0.0","0.0","0.0","3.2"
"Malcolm Koonce","LV","1.0","0.6","0.2","0.0","0.0","0.0","0.0","0.0","3.2"
"Jonathan Bullard","DAL","1.5","0.9","0.0","0.1","0.0","0.0","0.0","0.0","3.1"
"Tyleik Williams","DET","1.3","0.7","0.1","0.1","0.0","0.0","0.0","0.0","3.1"
"Shemar Stewart","CIN","1.2","0.7","0.2","0.0","0.0","0.0","0.0","0.0","3.1"
"Elijah Garcia","CAR","1.4","0.7","0.1","0.0","0.0","0.0","0.0","0.0","3.1"
"Jowon Briggs","NYJ","1.3","0.7","0.1","0.0","0.0","0.0","0.0","0.0","3.1"
"Da'Shawn Hand","ATL","1.3","0.7","0.1","0.1","0.0","0.0","0.0","0.0","3.0"
"Ruke Orhorhoro","JAC","1.2","0.7","0.2","0.0","0.0","0.0","0.0","0.0","3.0"
"DJ Reader","NYG","1.3","0.8","0.1","0.1","0.0","0.0","0.0","0.0","3.0"
"Dominique Robinson","HOU","1.3","0.5","0.1","0.0","0.0","0.0","0.0","0.0","3.0"
"Lee Hunter","CAR","1.3","0.7","0.0","0.1","0.0","0.0","0.0","0.0","3.0"
"Felix Anudike-Uzomah","KC","1.1","0.5","0.1","0.0","0.0","0.1","0.0","0.0","3.0"
"Leki Fotu","NYG","1.4","0.7","0.1","0.0","0.0","0.0","0.0","0.0","3.0"
"Micheal Clemons","IND","1.2","0.7","0.1","0.0","0.0","0.1","0.0","0.0","3.0"
"Otito Ogbonnia","DAL","1.4","0.9","0.0","0.0","0.0","0.0","0.0","0.0","2.9"
"Khyiris Tonga","KC","1.4","0.7","0.1","0.1","0.0","0.0","0.0","0.0","2.9"
"T.J. Sanders","BUF","1.3","0.7","0.1","0.1","0.0","0.0","0.0","0.0","2.9"
"Mekhi Wingo","DET","1.3","0.7","0.1","0.0","0.0","0.0","0.0","0.0","2.9"
"Mike Danna","BUF","1.3","0.6","0.1","0.0","0.0","0.0","0.0","0.0","2.9"
"James Pearce Jr.","ATL","0.7","0.4","0.2","0.1","0.0","0.1","0.0","0.0","2.8"
"Vernon Broughton","NO","1.3","0.6","0.1","0.0","0.0","0.0","0.0","0.0","2.8"
"Kayden McDonald","HOU","1.3","0.7","0.0","0.0","0.0","0.0","0.0","0.0","2.8"
"Colby Wooden","IND","1.3","0.7","0.1","0.0","0.0","0.0","0.0","0.0","2.7"
"Tyree Wilson","NO","1.0","0.4","0.1","0.0","0.0","0.0","0.0","0.0","2.6"
"Eric Gregory","NE","1.2","0.6","0.1","0.0","0.0","0.0","0.0","0.0","2.6"
"Jordan Elliott","TEN","1.2","0.8","0.0","0.0","0.0","0.0","0.0","0.0","2.6"
"Jaishawn Barham","DAL","1.0","0.5","0.1","0.0","0.0","0.0","0.0","0.0","2.5"
"Tyler Onyedim","DEN","1.2","0.7","0.0","0.0","0.0","0.0","0.0","0.0","2.5"
"Zeek Biggers","MIA","1.1","0.6","0.1","0.1","0.0","0.0","0.0","0.0","2.5"
"Neville Gallimore","CHI","1.0","0.7","0.1","0.0","0.0","0.0","0.0","0.0","2.5"
"Jordan Burch","ARI","0.9","0.6","0.1","0.1","0.0","0.0","0.0","0.0","2.5"
"Kalia Davis","CLE","1.1","0.6","0.1","0.0","0.0","0.0","0.0","0.0","2.4"
"Landon Jackson","BUF","1.0","0.5","0.1","0.1","0.0","0.0","0.0","0.0","2.4"
"T.J. Slaton Jr.","CIN","1.1","0.7","0.1","0.0","0.0","0.0","0.0","0.0","2.4"
"Domonique Orange","MIN","1.1","0.7","0.0","0.0","0.0","0.0","0.0","0.0","2.3"
"Cashius Howell","CIN","0.9","0.5","0.1","0.1","0.0","0.0","0.0","0.0","2.3"
"Oluwafemi Oladejo","TEN","0.9","0.4","0.1","0.1","0.0","0.0","0.0","0.0","2.3"
"Keion White","SF","0.9","0.4","0.1","0.0","0.0","0.0","0.0","0.0","2.3"
"Desjuan Johnson","LAR","1.0","0.4","0.1","0.0","0.0","0.0","0.0","0.0","2.3"
"Payton Turner","DET","0.8","0.4","0.1","0.0","0.0","0.0","0.0","0.0","2.3"
"Shemar Turner","CHI","1.2","0.4","0.0","0.0","0.0","0.0","0.0","0.0","2.3"
"Byron Young","PHI","1.1","0.6","0.1","0.0","0.0","0.0","0.0","0.0","2.3"
"Cory Durden","NE","1.1","0.7","0.0","0.0","0.0","0.0","0.0","0.0","2.2"
"Keyron Crawford","LV","0.9","0.4","0.1","0.0","0.0","0.0","0.0","0.0","2.2"
"Matthew Butler","MIA","1.0","0.5","0.0","0.1","0.0","0.0","0.0","0.0","2.1"
"Levi Onwuzurike","ARI","0.9","0.5","0.1","0.0","0.0","0.0","0.0","0.0","2.1"
"Tonka Hemingway","LV","0.8","0.4","0.1","0.0","0.0","0.0","0.0","0.0","2.1"
"Bud Dupree","LAC","0.8","0.4","0.1","0.1","0.0","0.0","0.0","0.0","2.1"
"Skyler Gill-Howard","DET","1.0","0.5","0.1","0.0","0.0","0.0","0.0","0.0","2.1"
"Jordan Phillips","MIA","1.0","0.5","0.0","0.0","0.0","0.0","0.0","0.0","2.1"
"Tim Settle Jr.","WAS","0.9","0.5","0.1","0.1","0.0","0.0","0.0","0.0","2.1"
"Albert Regis","JAC","0.9","0.5","0.1","0.0","0.0","0.0","0.0","0.0","2.1"
"Isaiahh Loudermilk","MIN","1.0","0.5","0.0","0.0","0.0","0.0","0.0","0.0","2.0"
"L.J. Collier","ARI","0.9","0.5","0.1","0.0","0.0","0.0","0.0","0.0","2.0"
"Omarr Norman-Lott","KC","0.9","0.5","0.1","0.0","0.0","0.0","0.0","0.0","2.0"
"Mike Hall Jr.","CLE","0.9","0.4","0.1","0.0","0.0","0.0","0.0","0.0","2.0"
"Deatrich Wise Jr.","WAS","0.8","0.4","0.1","0.0","0.0","0.0","0.0","0.0","1.9"
"Bo Richter","MIN","0.8","0.3","0.1","0.1","0.0","0.0","0.0","0.0","1.9"
"Broderick Washington Jr.","BAL","0.9","0.5","0.0","0.0","0.0","0.0","0.0","0.0","1.9"
"TJ Parker","BUF","0.7","0.3","0.1","0.0","0.0","0.0","0.0","0.0","1.9"
"Elijah Roberts","TB","0.7","0.4","0.1","0.1","0.0","0.0","0.0","0.0","1.8"
"Bobby Jamison-Travis","NYG","0.8","0.4","0.0","0.0","0.0","0.0","0.0","0.0","1.8"
"Sam Williams","DAL","0.7","0.3","0.1","0.0","0.0","0.0","0.0","0.0","1.8"
"Jer'Zhan Newton","WAS","0.7","0.4","0.1","0.0","0.0","0.0","0.0","0.0","1.7"
"Matt Dickerson","JAC","0.8","0.4","0.1","0.0","0.0","0.0","0.0","0.0","1.7"
"Joshua Farmer","NE","0.8","0.4","0.0","0.0","0.0","0.0","0.0","0.0","1.7"
"Ty Hamilton","LAR","0.8","0.4","0.0","0.0","0.0","0.0","0.0","0.0","1.6"
"Wesley Williams","JAC","0.6","0.3","0.1","0.0","0.0","0.0","0.0","0.0","1.6"
"Chauncey Golston","NYG","0.6","0.3","0.1","0.0","0.0","0.0","0.0","0.0","1.5"
"A.J. Epenesa","PHI","0.6","0.3","0.1","0.0","0.0","0.0","0.0","0.0","1.5"
"Jackie Marshall","TEN","0.7","0.4","0.0","0.0","0.0","0.0","0.0","0.0","1.5"
"Kris Jenkins Jr.","CIN","0.7","0.4","0.0","0.0","0.0","0.0","0.0","0.0","1.4"
"Danny Striggow","JAC","0.6","0.2","0.1","0.0","0.0","0.0","0.0","0.0","1.4"
"David Ojabo","MIA","0.6","0.3","0.1","0.0","0.0","0.0","0.0","0.0","1.4"
"Andrew Billings","ARI","0.7","0.3","0.0","0.0","0.0","0.0","0.0","0.0","1.4"
"Chris McClellan","GB","0.6","0.3","0.0","0.0","0.0","0.0","0.0","0.0","1.4"
"David Walker","TB","0.5","0.2","0.1","0.0","0.0","0.0","0.0","0.0","1.4"
"Dylan Horton","HOU","0.5","0.3","0.0","0.0","0.0","0.0","0.0","0.0","1.3"
"Anfernee Jennings","NO","0.6","0.2","0.0","0.0","0.0","0.0","0.0","0.0","1.2"
"Jack Sawyer","PIT","0.4","0.2","0.1","0.1","0.0","0.0","0.0","0.0","1.2"
"Yahya Black","PIT","0.5","0.3","0.0","0.0","0.0","0.0","0.0","0.0","1.2"
"Jonah Williams","ARI","0.5","0.3","0.1","0.0","0.0","0.0","0.0","0.0","1.2"
"Tyrus Wheat","DAL","0.4","0.2","0.1","0.0","0.0","0.0","0.0","0.0","1.1"
"Marcus Davenport","CHI","0.5","0.2","0.1","0.0","0.0","0.0","0.0","0.0","1.1"
"Jerry Tillery","IND","0.5","0.3","0.0","0.0","0.0","0.0","0.0","0.0","1.1"
"JJ Pegues","LV","0.6","0.3","0.0","0.0","0.0","0.0","0.0","0.0","1.1"
"Romello Height","SF","0.4","0.2","0.1","0.0","0.0","0.0","0.0","0.0","1.1"
"Que Robinson","DEN","0.4","0.2","0.0","0.0","0.0","0.0","0.0","0.0","1.1"
"Aeneas Peebles","BAL","0.4","0.2","0.0","0.0","0.0","0.0","0.0","0.0","1.0"
"Chris Williams","ATL","0.4","0.2","0.0","0.0","0.0","0.0","0.0","0.0","0.9"
"Brandon Pili","SEA","0.5","0.2","0.0","0.0","0.0","0.0","0.0","0.0","0.9"
"Adin Huntington","CLE","0.4","0.2","0.0","0.0","0.0","0.0","0.0","0.0","0.9"
"Emmanuel Ogbah","KC","0.4","0.2","0.0","0.0","0.0","0.0","0.0","0.0","0.9"
"Khristian Boyd","NO","0.4","0.2","0.0","0.0","0.0","0.0","0.0","0.0","0.9"
"Rakeem Nunez-Roches Sr.","TB","0.4","0.2","0.0","0.0","0.0","0.0","0.0","0.0","0.9"
"Jordan van den Berg","CHI","0.4","0.2","0.0","0.0","0.0","0.0","0.0","0.0","0.9"
"Rylie Mills","SEA","0.4","0.2","0.0","0.0","0.0","0.0","0.0","0.0","0.8"
"Thomas Incoom","CAR","0.3","0.1","0.0","0.0","0.0","0.0","0.0","0.0","0.8"
"Arnold Ebiketie","PHI","0.3","0.1","0.0","0.0","0.0","0.0","0.0","0.0","0.7"
"Cedric Johnson","CIN","0.3","0.1","0.1","0.0","0.0","0.0","0.0","0.0","0.7"
"Mike Morris","SEA","0.3","0.2","0.0","0.0","0.0","0.0","0.0","0.0","0.7"
"Leonard Taylor III","NE","0.3","0.2","0.0","0.0","0.0","0.0","0.0","0.0","0.7"
"Rayshaun Benny","BAL","0.3","0.2","0.0","0.0","0.0","0.0","0.0","0.0","0.7"
"George Gumbs Jr.","IND","0.3","0.1","0.0","0.0","0.0","0.0","0.0","0.0","0.6"
"Jared Ivey","SEA","0.2","0.1","0.0","0.0","0.0","0.0","0.0","0.0","0.6"
"Mazi Smith","NYJ","0.3","0.1","0.0","0.0","0.0","0.0","0.0","0.0","0.6"
"Naquan Jones","HOU","0.3","0.1","0.0","0.0","0.0","0.0","0.0","0.0","0.5"
"Marist Liufau","DAL","0.2","0.1","0.0","0.0","0.0","0.0","0.0","0.0","0.5"
"Tyler Batty","MIN","0.2","0.1","0.0","0.0","0.0","0.0","0.0","0.0","0.5"
"Max Llewellyn","MIA","0.2","0.1","0.0","0.0","0.0","0.0","0.0","0.0","0.5"
"Josh Tupou","NYG","0.2","0.1","0.0","0.0","0.0","0.0","0.0","0.0","0.5"
"Braiden McGregor","NYJ","0.2","0.1","0.0","0.0","0.0","0.0","0.0","0.0","0.4"
"Ty Robinson","PHI","0.2","0.1","0.0","0.0","0.0","0.0","0.0","0.0","0.4"
"Daniel Hardy","CHI","0.1","0.1","0.0","0.0","0.0","0.0","0.0","0.0","0.3"
"Bradyn Swinson","NE","0.1","0.1","0.0","0.0","0.0","0.0","0.0","0.0","0.3"
"Nick Barrett","LAC","0.1","0.1","0.0","0.0","0.0","0.0","0.0","0.0","0.3"
"Keir Thomas II","LAR","0.1","0.1","0.0","0.0","0.0","0.0","0.0","0.0","0.3"
"Sai'vion Jones","DEN","0.1","0.1","0.0","0.0","0.0","0.0","0.0","0.0","0.3"
"Roy Robertson-Harris","NYG","0.0","0.0","0.0","0.0","0.0","0.0","0.0","0.0","0.0"
"Dorance Armstrong Jr.","WAS","0.0","0.0","0.0","0.0","0.0","0.0","0.0","0.0","0.0"
"Kentavius Street","CHI","0.0","0.0","0.0","0.0","0.0","0.0","0.0","0.0","0.0"
"Jalyn Holmes","TEN","0.0","0.0","0.0","0.0","0.0","0.0","0.0","0.0","0.0"
"Julian Okwara","CLE","0.0","0.0","0.0","0.0","0.0","0.0","0.0","0.0","0.0"
"Azeez Ojulari","ATL","0.0","0.0","0.0","0.0","0.0","0.0","0.0","0.0","0.0"
"Cameron Sample","ATL","0.0","0.0","0.0","0.0","0.0","0.0","0.0","0.0","0.0"
"Marlon Tuipulotu","ATL","0.0","0.0","0.0","0.0","0.0","0.0","0.0","0.0","0.0"
"Chris Rumph II","NO","0.0","0.0","0.0","0.0","0.0","0.0","0.0","0.0","0.0"
"Phidarian Mathis","BUF","0.0","0.0","0.0","0.0","0.0","0.0","0.0","0.0","0.0"
"Tyreke Smith","KC","0.0","0.0","0.0","0.0","0.0","0.0","0.0","0.0","0.0"
"Drake Jackson","WAS","0.0","0.0","0.0","0.0","0.0","0.0","0.0","0.0","0.0"
"Eric Johnson II","ATL","0.0","0.0","0.0","0.0","0.0","0.0","0.0","0.0","0.0"
"James Houston","DAL","0.0","0.0","0.0","0.0","0.0","0.0","0.0","0.0","0.0"
"Jordan Jackson","DEN","0.0","0.0","0.0","0.0","0.0","0.0","0.0","0.0","0.0"
"Bryan Bresee","NO","0.0","0.0","0.0","0.0","0.0","0.0","0.0","0.0","0.0"
"Zacch Pickens","NYG","0.0","0.0","0.0","0.0","0.0","0.0","0.0","0.0","0.0"
"Robert Beal Jr.","MIA","0.0","0.0","0.0","0.0","0.0","0.0","0.0","0.0","0.0"
"Tyler Lacy","DET","0.0","0.0","0.0","0.0","0.0","0.0","0.0","0.0","0.0"
"Jose Ramirez","PHI","0.0","0.0","0.0","0.0","0.0","0.0","0.0","0.0","0.0"
"Caleb Murphy","NYG","0.0","0.0","0.0","0.0","0.0","0.0","0.0","0.0","0.0"
"C.J. Okoye","BAL","0.0","0.0","0.0","0.0","0.0","0.0","0.0","0.0","0.0"
"McKinnley Jackson","CIN","0.0","0.0","0.0","0.0","0.0","0.0","0.0","0.0","0.0"
"Adisa Isaac","BAL","0.0","0.0","0.0","0.0","0.0","0.0","0.0","0.0","0.0"
"Javon Solomon","BUF","0.0","0.0","0.0","0.0","0.0","0.0","0.0","0.0","0.0"
"Chris Braswell","TB","0.0","0.0","0.0","0.0","0.0","0.0","0.0","0.0","0.0"
"Javontae Jean-Baptiste","WAS","0.0","0.0","0.0","0.0","0.0","0.0","0.0","0.0","0.0"
"Jaylen Harrell","TEN","0.0","0.0","0.0","0.0","0.0","0.0","0.0","0.0","0.0"
"Evan Anderson","SF","0.0","0.0","0.0","0.0","0.0","0.0","0.0","0.0","0.0"
"Elijah Chatman","CLE","0.0","0.0","0.0","0.0","0.0","0.0","0.0","0.0","0.0"
"LT Overton","DAL","0.0","0.0","0.0","0.0","0.0","0.0","0.0","0.0","0.0"
"Nazir Stackhouse","GB","0.0","0.0","0.0","0.0","0.0","0.0","0.0","0.0","0.0"
"Collin Oliver","GB","0.0","0.0","0.0","0.0","0.0","0.0","0.0","0.0","0.0"
"Kyle Kennard","LAC","0.0","0.0","0.0","0.0","0.0","0.0","0.0","0.0","0.0"
"Jay Toia","DAL","0.0","0.0","0.0","0.0","0.0","0.0","0.0","0.0","0.0"
"Fadil Diggs","NO","0.0","0.0","0.0","0.0","0.0","0.0","0.0","0.0","0.0"
"Kyonte Hamilton","HOU","0.0","0.0","0.0","0.0","0.0","0.0","0.0","0.0","0.0"
"Chaz Chambliss","MIN","0.0","0.0","0.0","0.0","0.0","0.0","0.0","0.0","0.0"
"Ethan Downs","KC","0.0","0.0","0.0","0.0","0.0","0.0","0.0","0.0","0.0"
"B.J. Green II","JAC","0.0","0.0","0.0","0.0","0.0","0.0","0.0","0.0","0.0"
"Elijah Simmons","TB","0.0","0.0","0.0","0.0","0.0","0.0","0.0","0.0","0.0"
"Connor O'Toole","SEA","0.0","0.0","0.0","0.0","0.0","0.0","0.0","0.0","0.0"
"Jahfari Harvey","LV","0.0","0.0","0.0","0.0","0.0","0.0","0.0","0.0","0.0"
"Elijah Williams","MIN","0.0","0.0","0.0","0.0","0.0","0.0","0.0","0.0","0.0"
"Kaleb Proctor","ARI","0.0","0.0","0.0","0.0","0.0","0.0","0.0","0.0","0.0"
""
""