"Player","Team","ATT","YDS","TDS","REC","YDS","TDS","FL","FPTS"
" ","","",""
"Jahmyr Gibbs","DET","16.8","83.2","0.9","3.9","29.5","0.2","0.1","19.4"
"Bijan Robinson","ATL","17.6","82.1","0.5","4.4","37.2","0.2","0.1","18.0"
"Christian McCaffrey","SF","15.8","63.7","0.5","4.7","36.9","0.3","0.1","17.0"
"Jonathan Taylor","IND","17.7","81.8","0.7","3.0","22.3","0.1","0.1","16.2"
"De'Von Achane","MIA","14.6","76.5","0.4","3.6","26.3","0.2","0.1","15.6"
"Derrick Henry","BAL","17.4","83.6","0.7","1.2","10.6","0.1","0.1","14.6"
"Saquon Barkley","PHI","16.9","74.9","0.5","2.4","19.6","0.1","0.1","14.4"
"James Cook III","BUF","15.9","75.3","0.6","2.3","17.1","0.1","0.1","14.2"
"Chase Brown","CIN","14.0","59.4","0.4","3.9","25.4","0.2","0.1","14.2"
"Omarion Hampton","LAC","14.7","66.6","0.6","3.2","20.4","0.1","0.1","14.1"
"Javonte Williams","DAL","16.0","72.7","0.6","2.2","12.3","0.1","0.1","13.6"
"Ashton Jeanty","LV","15.6","63.8","0.5","3.2","21.2","0.1","0.1","13.6"
"Breece Hall","NYJ","15.4","67.8","0.4","2.6","21.3","0.1","0.1","13.2"
"Kenneth Walker III","KC","15.5","65.9","0.5","2.7","20.0","0.1","0.1","13.2"
"Kyren Williams","LAR","13.9","63.8","0.6","2.0","12.9","0.1","0.1","12.7"
"Josh Jacobs","GB","14.6","59.1","0.6","2.1","15.7","0.1","0.1","12.4"
"Travis Etienne Jr.","NO","14.4","61.4","0.4","2.7","20.7","0.1","0.1","12.4"
"Cam Skattebo","NYG","12.8","55.4","0.5","2.6","20.3","0.1","0.1","12.3"
"Jeremiyah Love","ARI","12.3","54.0","0.3","3.3","24.4","0.1","0.1","12.2"
"David Montgomery","HOU","13.4","58.8","0.6","1.9","13.5","0.1","0.1","11.7"
"D'Andre Swift","CHI","12.5","58.4","0.4","1.9","14.8","0.1","0.1","11.3"
"Jaylen Warren","PIT","11.3","52.6","0.3","2.8","20.9","0.1","0.0","11.1"
"Bucky Irving","TB","13.2","55.3","0.4","2.2","17.7","0.1","0.1","11.0"
"Rico Dowdle","PIT","12.7","57.0","0.4","2.1","15.6","0.1","0.1","11.0"
"Quinshon Judkins","CLE","15.5","61.9","0.4","1.9","12.0","0.0","0.1","11.0"
"Bhayshul Tuten","JAC","12.7","51.2","0.4","1.8","13.0","0.1","0.1","10.4"
"Jadarian Price","SEA","13.1","54.8","0.5","1.3","10.4","0.1","0.0","10.3"
"Chuba Hubbard","CAR","11.5","47.7","0.3","2.1","14.4","0.1","0.1","9.6"
"Tony Pollard","TEN","12.2","53.8","0.3","1.7","11.0","0.1","0.1","9.5"
"Rhamondre Stevenson","NE","10.4","43.4","0.3","2.1","15.5","0.1","0.1","9.4"
"TreVeyon Henderson","NE","9.3","41.1","0.3","2.1","12.8","0.1","0.0","8.8"
"Kyle Monangai","CHI","9.7","44.4","0.3","1.3","10.9","0.1","0.0","8.6"
"Kenny Gainwell","TB","6.7","30.3","0.3","2.8","18.8","0.1","0.0","8.6"
"Blake Corum","LAR","10.4","48.4","0.4","0.9","5.5","0.1","0.0","8.5"
"Jonathon Brooks","CAR","9.3","40.1","0.3","1.8","13.0","0.1","0.0","8.3"
"RJ Harvey","DEN","6.5","25.3","0.3","2.7","19.4","0.1","0.0","8.1"
"Jordan Mason","MIN","10.3","48.9","0.3","0.9","5.5","0.0","0.0","8.0"
"Aaron Jones Sr.","MIN","8.4","36.5","0.2","2.1","15.0","0.1","0.0","8.0"
"Rachaad White","WAS","7.5","31.2","0.2","2.6","15.8","0.1","0.0","7.8"
"J.K. Dobbins","DEN","9.8","45.3","0.3","1.1","6.0","0.0","0.0","7.7"
"Jacory Croskey-Merritt","WAS","9.6","41.3","0.3","1.0","8.3","0.0","0.0","7.7"
"Tyjae Spears","TEN","6.0","24.6","0.2","2.5","16.3","0.1","0.0","7.0"
"Woody Marks","HOU","7.8","31.9","0.2","1.4","11.3","0.1","0.0","6.7"
"Chris Rodriguez Jr.","JAC","8.3","37.2","0.3","0.4","3.2","0.0","0.0","6.1"
"Keaton Mitchell","LAC","5.9","30.6","0.2","1.2","9.3","0.1","0.0","6.1"
"Tyler Allgeier","ARI","6.3","25.7","0.2","1.0","7.1","0.0","0.0","5.0"
"Mike Washington Jr.","LV","6.0","25.8","0.2","0.9","6.6","0.0","0.0","5.0"
"Isiah Pacheco","DET","6.7","27.8","0.2","0.8","4.8","0.0","0.0","5.0"
"Dylan Sampson","CLE","4.4","16.6","0.1","1.9","13.5","0.1","0.0","5.0"
"Justice Hill","BAL","2.5","11.3","0.1","1.8","14.6","0.1","0.0","4.6"
"Brian Robinson Jr.","ATL","6.6","26.9","0.2","0.6","4.2","0.0","0.0","4.6"
"Tyrone Tracy Jr.","NYG","5.7","24.5","0.1","0.9","6.6","0.0","0.0","4.3"
"MarShawn Lloyd","GB","5.0","19.9","0.1","0.9","6.2","0.0","0.0","4.1"
"Samaje Perine","CIN","4.0","17.0","0.2","1.0","7.1","0.0","0.0","4.0"
"Tank Bigsby","PHI","4.9","23.1","0.2","0.3","2.7","0.0","0.0","4.0"
"Braelon Allen","NYJ","4.6","18.7","0.2","0.7","5.1","0.0","0.0","3.8"
"Ty Johnson","BUF","2.5","10.4","0.1","1.1","9.4","0.1","0.0","3.6"
"George Holani","SEA","3.7","14.7","0.1","0.9","6.4","0.0","0.0","3.6"
"Isaiah Davis","NYJ","2.9","13.3","0.1","1.0","7.6","0.0","0.0","3.4"
"Jonah Coleman","DEN","3.6","14.7","0.1","0.9","6.6","0.0","0.0","3.3"
"Sean Tucker","TB","3.4","15.2","0.2","0.2","1.4","0.0","0.0","3.0"
"Ray Davis","BUF","3.3","14.1","0.1","0.6","4.9","0.0","0.0","2.8"
"Emmett Johnson","KC","3.2","12.7","0.1","0.7","5.3","0.0","0.0","2.8"
"Jaydon Blue","DAL","3.3","13.4","0.1","0.5","3.4","0.0","0.0","2.6"
"Kendre Miller","NO","3.0","12.4","0.1","0.8","5.4","0.0","0.0","2.6"
"Jaylen Wright","MIA","3.1","12.8","0.1","0.6","4.4","0.0","0.0","2.5"
"Zach Charbonnet","SEA","2.9","12.3","0.1","0.5","3.2","0.0","0.0","2.5"
"Kaelon Black","SF","3.1","12.8","0.1","0.4","3.2","0.0","0.0","2.4"
"Najee Harris","NYG","2.7","10.8","0.1","0.5","3.6","0.0","0.0","2.3"
"Ollie Gordon II","MIA","2.7","9.9","0.1","0.5","3.0","0.0","0.0","2.2"
"Alvin Kamara","NO","2.6","9.9","0.1","0.6","4.0","0.0","0.0","2.1"
"Emari Demercado","KC","1.9","9.6","0.0","0.7","4.8","0.0","0.0","2.1"
"LeQuint Allen Jr.","JAC","0.8","3.5","0.0","1.1","7.1","0.1","0.0","2.1"
"Kimani Vidal","LAC","2.3","9.9","0.1","0.4","3.3","0.0","0.0","2.0"
"Emanuel Wilson","SEA","2.5","10.4","0.1","0.3","2.0","0.0","0.0","2.0"
"Nicholas Singleton","TEN","2.0","8.4","0.1","0.5","3.5","0.0","0.0","1.9"
"Jordan James","SF","2.2","9.0","0.1","0.3","2.4","0.0","0.0","1.8"
"Demond Claiborne","MIN","1.4","5.8","0.1","0.6","4.2","0.0","0.0","1.7"
"Kyle Juszczyk","SF","0.2","0.6","0.0","1.0","7.9","0.1","0.0","1.7"
"James Conner","ARI","1.6","6.7","0.1","0.5","3.3","0.0","0.0","1.7"
"DJ Giddens","IND","1.7","6.6","0.1","0.5","3.3","0.0","0.0","1.7"
"Tahj Brooks","CIN","2.0","7.4","0.1","0.3","2.2","0.0","0.0","1.7"
"Chris Brooks","GB","1.3","5.7","0.0","0.7","4.3","0.0","0.0","1.6"
"Seth McGowan","IND","1.4","5.8","0.1","0.4","2.8","0.0","0.0","1.4"
"Hunter Luepke","DAL","0.9","3.8","0.0","0.6","4.2","0.0","0.0","1.3"
"Malik Davis","DAL","1.3","6.3","0.1","0.2","1.4","0.0","0.0","1.3"
"Kaytron Allen","WAS","1.5","6.1","0.1","0.2","1.9","0.0","0.0","1.3"
"Eli Heidenreich","PIT","0.7","3.1","0.0","0.5","5.9","0.0","0.0","1.2"
"Will Shipley","PHI","0.8","2.9","0.0","0.5","3.8","0.0","0.0","1.1"
"Trevor Etienne","CAR","1.2","5.6","0.0","0.3","2.0","0.0","0.0","1.1"
"Phil Mafah","DAL","1.3","5.6","0.0","0.2","1.3","0.0","0.0","1.0"
"Adam Randall","BAL","1.1","4.7","0.0","0.2","1.9","0.0","0.0","0.9"
"Audric Estime","NO","0.9","3.8","0.0","0.2","1.7","0.0","0.0","0.8"
"Ty Chandler","NO","0.4","1.4","0.0","0.4","2.6","0.0","0.0","0.8"
"Jaleel McLaughlin","DEN","0.7","3.2","0.0","0.2","1.3","0.0","0.0","0.7"
"Alec Ingold","LAC","0.5","1.7","0.0","0.3","2.1","0.0","0.0","0.6"
"Jawhar Jordan","HOU","0.9","4.1","0.0","0.1","0.6","0.0","0.0","0.6"
"Brashard Smith","KC","0.6","2.3","0.0","0.3","2.0","0.0","0.0","0.6"
"Devin Singletary","NYG","0.8","3.3","0.0","0.1","1.0","0.0","0.0","0.6"
"Rasheen Ali","BAL","0.6","2.3","0.0","0.1","0.7","0.0","0.0","0.6"
"Travis Homer","PIT","1.2","4.6","0.0","0.1","0.4","0.0","0.0","0.6"
"Jam Miller","NE","0.8","3.2","0.0","0.1","0.9","0.0","0.0","0.5"
"Jeremy McNichols","WAS","0.7","2.9","0.0","0.1","1.0","0.0","0.0","0.5"
"Adam Prentice","DEN","0.2","1.0","0.0","0.3","1.7","0.0","0.0","0.5"
"Michael Burton","CLE","0.2","1.0","0.0","0.3","1.6","0.0","0.0","0.5"
"Tyler Goodson","ATL","0.7","2.8","0.0","0.2","0.8","0.0","0.0","0.5"
"Pierre Strong Jr.","GB","1.0","3.8","0.0","0.1","0.5","0.0","0.0","0.5"
"Robert Henry Jr.","WAS","0.0","0.0","0.0","0.3","3.3","0.0","0.0","0.5"
"Connor Heyward","LV","0.3","1.2","0.0","0.2","1.8","0.0","0.0","0.5"
"Raheim Sanders","CLE","0.7","2.9","0.0","0.1","1.0","0.0","0.0","0.5"
"J'Mari Taylor","JAC","0.3","1.2","0.0","0.2","1.6","0.0","0.0","0.4"
"Tyler Badie","DEN","0.2","0.7","0.0","0.2","1.6","0.0","0.0","0.4"
"Riley Nowakowski","PIT","0.0","0.0","0.0","0.3","2.0","0.0","0.0","0.4"
"Roschon Johnson","CHI","0.6","2.4","0.0","0.1","0.4","0.0","0.0","0.4"
"Kaleb Johnson","PIT","0.5","2.0","0.0","0.1","0.6","0.0","0.0","0.4"
"Dylan Laube","LV","0.3","0.8","0.0","0.2","1.3","0.0","0.0","0.4"
"Andrew Beck","NYJ","0.0","0.0","0.0","0.2","1.7","0.0","0.0","0.4"
"Sione Vaki","DET","0.4","1.6","0.0","0.1","1.0","0.0","0.0","0.3"
"Reggie Gilliam","NE","0.0","0.0","0.0","0.2","1.6","0.0","0.0","0.3"
"Lan Larison","NE","0.3","1.5","0.0","0.1","0.7","0.0","0.0","0.3"
"Roman Hemby","LV","0.0","0.0","0.0","0.2","2.2","0.0","0.0","0.3"
"Jerome Ford","WAS","0.5","1.9","0.0","0.1","0.4","0.0","0.0","0.3"
"Terion Stewart","KC","0.0","0.0","0.0","0.2","1.6","0.0","0.0","0.3"
"Max Bredeson","MIN","0.1","0.3","0.0","0.2","1.1","0.0","0.0","0.3"
"Michael Carter","TEN","0.2","0.8","0.0","0.1","0.9","0.0","0.0","0.2"
"Ameer Abdullah","JAC","0.1","0.6","0.0","0.1","0.5","0.0","0.0","0.2"
"Jamal Haynes","CIN","0.3","1.1","0.0","0.0","0.4","0.0","0.0","0.2"
"Dameon Pierce","PHI","0.3","1.3","0.0","0.0","0.2","0.0","0.0","0.2"
"Jarquez Hunter","LAR","0.3","1.4","0.0","0.1","0.2","0.0","0.0","0.2"
"Kalel Mullings","TEN","0.2","0.7","0.0","0.1","0.5","0.0","0.0","0.2"
"Patrick Ricard","NYG","0.0","0.0","0.0","0.1","0.9","0.0","0.0","0.2"
"Julius Chestnut","TEN","0.2","0.8","0.0","0.0","0.4","0.0","0.0","0.2"
"Ronnie Rivers","LAR","0.3","1.1","0.0","0.0","0.2","0.0","0.0","0.2"
"British Brooks","HOU","0.3","1.1","0.0","0.0","0.0","0.0","0.0","0.2"
"Devin Neal","NO","0.2","0.6","0.0","0.1","0.6","0.0","0.0","0.2"
"Jacardia Wright","SEA","0.3","1.0","0.0","0.0","0.2","0.0","0.0","0.2"
"Isaac Guerendo","SF","0.2","0.9","0.0","0.1","0.5","0.0","0.0","0.2"
"Damien Martinez","GB","0.1","0.6","0.0","0.1","0.4","0.0","0.0","0.2"
"AJ Dillon","CAR","0.1","0.4","0.0","0.1","0.5","0.0","0.0","0.1"
"Noah Whittington","HOU","0.0","0.0","0.0","0.1","0.9","0.0","0.0","0.1"
"Dean Connors","LAR","0.1","0.5","0.0","0.0","0.3","0.0","0.0","0.1"
"Bam Knight","ARI","0.0","0.0","0.0","0.1","0.6","0.0","0.0","0.1"
"Frank Gore Jr.","BUF","0.2","1.0","0.0","0.0","0.0","0.0","0.0","0.1"
"Zamir White","NO","0.2","0.9","0.0","0.0","0.0","0.0","0.0","0.1"
"Scott Matlock","LAC","0.0","0.0","0.0","0.1","0.4","0.0","0.0","0.1"
"DeeJay Dallas","JAC","0.1","0.6","0.0","0.0","0.0","0.0","0.0","0.1"
"Kene Nwangwu","NYJ","0.1","0.5","0.0","0.0","0.0","0.0","0.0","0.1"
"Jaydn Ott","KC","0.0","0.0","0.0","0.0","0.5","0.0","0.0","0.1"
"Zavier Scott","MIN","0.1","0.2","0.0","0.0","0.1","0.0","0.0","0.0"
"Jacob Saylors","DET","0.0","0.0","0.0","0.0","0.0","0.0","0.0","0.0"
"Chris Collier","LV","0.0","0.0","0.0","0.0","0.0","0.0","0.0","0.0"
"Josh Williams","TB","0.0","0.0","0.0","0.0","0.0","0.0","0.0","0.0"
""
""