"Player","Team","REC","YDS","TDS","ATT","YDS","TDS","FL","FPTS"
" ","","",""
"Puka Nacua","LAR","7.2","93.6","0.5","0.7","4.4","0.0","0.0","16.7"
"Ja'Marr Chase","CIN","6.9","88.0","0.7","0.2","1.1","0.0","0.0","16.3"
"Amon-Ra St. Brown","DET","6.9","84.6","0.6","0.2","1.0","0.0","0.0","15.7"
"Jaxon Smith-Njigba","SEA","6.7","91.6","0.5","0.4","1.8","0.0","0.0","15.7"
"CeeDee Lamb","DAL","6.0","80.5","0.5","0.2","0.9","0.0","0.0","14.1"
"Justin Jefferson","MIN","6.2","81.6","0.4","0.1","0.6","0.0","0.0","13.7"
"Nico Collins","HOU","5.3","78.0","0.5","0.1","0.9","0.0","0.0","13.4"
"Drake London","ATL","5.6","74.2","0.4","0.0","0.1","0.0","0.0","12.8"
"Zay Flowers","BAL","5.3","74.0","0.4","0.4","2.3","0.0","0.0","12.5"
"George Pickens","DAL","4.8","73.2","0.5","0.0","0.2","0.0","0.0","12.5"
"Chris Olave","NO","5.6","71.7","0.4","0.0","0.1","0.0","0.0","12.3"
"A.J. Brown","NE","5.1","71.0","0.4","0.0","0.1","0.0","0.0","12.1"
"DeVonta Smith","PHI","5.2","68.8","0.4","0.0","0.1","0.0","0.0","12.0"
"Tee Higgins","CIN","4.4","63.1","0.6","0.0","0.2","0.0","0.0","11.9"
"Tetairoa McMillan","CAR","4.7","70.1","0.4","0.0","0.2","0.0","0.0","11.7"
"Rashee Rice","KC","5.3","60.9","0.4","0.4","2.3","0.0","0.0","11.6"
"Malik Nabers","NYG","4.9","62.3","0.5","0.2","0.8","0.0","0.0","11.5"
"Jaylen Waddle","DEN","4.8","64.0","0.4","0.1","0.9","0.0","0.0","11.1"
"Ladd McConkey","LAC","4.6","61.4","0.4","0.1","0.3","0.0","0.0","11.0"
"Garrett Wilson","NYJ","5.1","62.6","0.4","0.1","0.6","0.0","0.0","11.0"
"Davante Adams","LAR","3.9","55.3","0.5","0.0","0.0","0.0","0.0","10.7"
"Jameson Williams","DET","3.8","61.2","0.4","0.5","2.6","0.0","0.0","10.5"
"Emeka Egbuka","TB","3.8","59.5","0.4","0.2","0.8","0.0","0.0","10.5"
"Christian Watson","GB","3.6","58.9","0.4","0.1","0.6","0.0","0.0","10.3"
"Terry McLaurin","WAS","4.4","60.2","0.4","0.0","0.1","0.0","0.0","10.3"
"Luther Burden III","CHI","4.3","57.2","0.3","0.5","2.7","0.0","0.0","10.0"
"Mike Evans","SF","3.8","56.3","0.4","0.0","0.0","0.0","0.0","10.0"
"DK Metcalf","PIT","3.6","55.3","0.4","0.1","0.3","0.0","0.0","9.9"
"Rome Odunze","CHI","3.5","54.2","0.4","0.0","0.1","0.0","0.0","9.8"
"DJ Moore","BUF","3.9","52.7","0.4","0.4","2.0","0.0","0.0","9.7"
"Carnell Tate","TEN","4.0","56.4","0.3","0.0","0.2","0.0","0.0","9.5"
"Jayden Reed","GB","4.0","47.7","0.3","0.7","4.8","0.0","0.0","9.2"
"Josh Downs","IND","4.5","48.7","0.3","0.2","0.6","0.0","0.0","9.0"
"Parker Washington","JAC","3.6","50.9","0.3","0.5","1.9","0.0","0.0","9.0"
"Michael Pittman Jr.","PIT","4.5","49.2","0.3","0.0","0.1","0.0","0.0","8.9"
"Quentin Johnston","LAC","3.2","47.5","0.4","0.2","0.8","0.0","0.0","8.9"
"Courtland Sutton","DEN","3.7","49.7","0.3","0.0","0.0","0.0","0.0","8.8"
"Alec Pierce","IND","3.1","53.0","0.3","0.0","0.1","0.0","0.0","8.8"
"Marvin Harrison Jr.","ARI","3.5","51.9","0.3","0.0","0.0","0.0","0.0","8.7"
"Jordan Addison","MIN","3.4","46.2","0.3","0.2","1.6","0.0","0.0","8.5"
"Michael Wilson","ARI","3.8","49.8","0.3","0.0","0.1","0.0","0.0","8.5"
"Jalen Coker","CAR","3.9","48.7","0.3","0.0","0.2","0.0","0.0","8.5"
"Brian Thomas Jr.","JAC","3.2","48.2","0.3","0.2","1.2","0.0","0.0","8.4"
"Chris Godwin Jr.","TB","3.9","46.1","0.3","0.0","0.2","0.0","0.0","8.3"
"Matthew Golden","GB","3.5","45.5","0.2","0.6","2.5","0.0","0.0","8.0"
"Stefon Diggs","WAS","4.1","44.7","0.3","0.1","0.2","0.0","0.0","8.0"
"Wan'Dale Robinson","TEN","4.2","46.1","0.2","0.2","1.1","0.0","0.0","8.0"
"Jakobi Meyers","JAC","3.6","42.8","0.3","0.3","1.5","0.0","0.0","7.9"
"Khalil Shakir","BUF","4.1","45.5","0.2","0.1","0.5","0.0","0.0","7.9"
"Xavier Worthy","KC","2.9","40.5","0.2","0.9","5.0","0.0","0.0","7.6"
"Romeo Doubs","NE","3.3","41.9","0.3","0.0","0.0","0.0","0.0","7.5"
"Deebo Samuel Sr.","SF","3.1","40.0","0.2","1.0","4.5","0.0","0.0","7.5"
"Tre Tucker","LV","3.0","40.5","0.2","0.6","3.0","0.0","0.0","7.3"
"KC Concepcion","CLE","3.3","40.8","0.2","0.4","2.1","0.0","0.0","7.3"
"Rashid Shaheed","SEA","2.7","37.8","0.2","0.7","4.1","0.0","0.0","6.9"
"Jalen Nailor","LV","2.6","38.2","0.2","0.2","0.8","0.0","0.0","6.6"
"Devaughn Vele","NO","3.2","37.2","0.2","0.0","0.1","0.0","0.0","6.6"
"Makai Lemon","PHI","2.6","36.3","0.2","0.0","0.2","0.0","0.0","6.4"
"Jalen McMillan","TB","2.5","32.8","0.2","0.2","0.9","0.0","0.0","6.1"
"Denzel Boston","CLE","2.8","35.2","0.2","0.0","0.3","0.0","0.0","6.0"
"Malik Washington","MIA","3.1","29.0","0.2","0.9","4.9","0.0","0.0","6.0"
"Keenan Allen","IND","3.0","33.2","0.2","0.0","0.0","0.0","0.0","5.9"
"Jauan Jennings","MIN","2.7","32.1","0.2","0.0","0.0","0.0","0.0","5.9"
"Dontayvion Wicks","PHI","2.4","32.7","0.2","0.0","0.1","0.0","0.0","5.9"
"Rashod Bateman","BAL","2.2","33.6","0.2","0.0","0.2","0.0","0.0","5.9"
"Calvin Ridley","TEN","2.1","34.0","0.2","0.2","0.8","0.0","0.0","5.8"
"Jerry Jeudy","CLE","2.6","35.2","0.2","0.1","0.2","0.0","0.0","5.8"
"Adonai Mitchell","NYJ","2.2","34.2","0.2","0.1","0.4","0.0","0.0","5.8"
"De'Zhaun Stribling","SF","2.4","32.2","0.2","0.1","0.4","0.0","0.0","5.6"
"Cooper Kupp","SEA","2.4","30.7","0.2","0.0","0.2","0.0","0.0","5.5"
"Kayshon Boutte","HOU","2.1","30.6","0.2","0.0","0.0","0.0","0.0","5.3"
"Ryan Flournoy","DAL","2.3","28.3","0.2","0.2","0.9","0.0","0.0","5.2"
"Tank Dell","HOU","2.2","27.9","0.2","0.3","1.6","0.0","0.0","5.2"
"Caleb Douglas","MIA","2.3","30.2","0.2","0.0","0.0","0.0","0.0","5.2"
"Tre' Harris","LAC","2.2","27.8","0.2","0.1","0.3","0.0","0.0","5.0"
"Pat Bryant","DEN","2.3","27.5","0.2","0.0","0.2","0.0","0.0","4.8"
"Germie Bernard","PIT","2.0","25.6","0.2","0.1","0.5","0.0","0.0","4.6"
"Jaylin Noel","HOU","2.0","23.7","0.2","0.2","0.8","0.0","0.0","4.5"
"Malachi Fields","NYG","1.9","23.4","0.2","0.0","0.1","0.0","0.0","4.3"
"Ja'Kobi Lane","BAL","1.6","23.4","0.2","0.0","0.0","0.0","0.0","4.2"
"Travis Hunter","JAC","1.8","22.0","0.1","0.1","0.6","0.0","0.0","4.0"
"Jahan Dotson","ATL","1.8","23.3","0.1","0.0","0.0","0.0","0.0","4.0"
"Andrei Iosivas","CIN","1.5","20.2","0.2","0.1","0.7","0.0","0.0","3.9"
"Darnell Mooney","NYG","1.5","22.9","0.1","0.1","0.4","0.0","0.0","3.8"
"Tyquan Thornton","KC","1.3","21.7","0.1","0.0","0.0","0.0","0.0","3.7"
"Jack Bech","LV","1.7","20.6","0.1","0.0","0.1","0.0","0.0","3.6"
"Isaac TeSlaa","DET","1.3","18.0","0.2","0.0","0.1","0.0","0.0","3.5"
"DeMario Douglas","NE","1.6","19.5","0.1","0.3","1.4","0.0","0.0","3.5"
"Xavier Legette","CAR","1.6","18.7","0.1","0.1","0.3","0.0","0.0","3.5"
"Jalen Tolbert","MIA","1.6","20.0","0.1","0.0","0.0","0.0","0.0","3.4"
"Keon Coleman","BUF","1.4","19.0","0.1","0.0","0.1","0.0","0.0","3.4"
"Omar Cooper Jr.","NYJ","1.4","18.9","0.1","0.1","0.6","0.0","0.0","3.3"
"Darius Slayton","NYG","1.4","19.9","0.1","0.0","0.3","0.0","0.0","3.3"
"Marvin Mims Jr.","DEN","1.5","16.3","0.1","0.5","2.3","0.0","0.0","3.2"
"KaVontae Turpin","DAL","1.0","13.8","0.1","1.0","6.4","0.0","0.0","3.2"
"Xavier Hutchinson","HOU","1.3","17.6","0.1","0.1","0.5","0.0","0.0","3.2"
"Kendrick Bourne","ARI","1.6","19.1","0.1","0.0","0.0","0.0","0.0","3.2"
"Zachariah Branch","ATL","1.5","16.8","0.1","0.1","0.5","0.0","0.0","2.9"
"Ted Hurst III","TB","1.2","16.3","0.1","0.0","0.2","0.0","0.0","2.9"
"Tory Horton","SEA","1.2","15.9","0.1","0.0","0.1","0.0","0.0","2.9"
"Antonio Williams","WAS","1.3","15.6","0.1","0.1","0.7","0.0","0.0","2.9"
"Olamide Zaccheaus","ATL","1.3","13.8","0.1","0.1","0.6","0.0","0.0","2.6"
"Savion Williams","GB","1.1","12.0","0.1","0.5","2.0","0.0","0.0","2.5"
"Kalif Raymond","CHI","1.2","13.1","0.1","0.2","1.1","0.0","0.0","2.5"
"Kevin Coleman Jr.","MIA","1.3","15.2","0.0","0.0","0.0","0.0","0.0","2.4"
"John Metchie III","CAR","1.2","12.1","0.1","0.1","0.3","0.0","0.0","2.4"
"Troy Franklin","DEN","1.1","12.6","0.1","0.1","0.5","0.0","0.0","2.4"
"Chimere Dike","TEN","0.9","10.3","0.1","0.5","2.0","0.0","0.0","2.3"
"Hollywood Brown","PHI","0.9","12.3","0.1","0.0","0.0","0.0","0.0","2.3"
"Bryce Lance","NO","1.0","12.5","0.1","0.0","0.0","0.0","0.0","2.2"
"Colbie Young","CIN","1.0","11.6","0.1","0.0","0.0","0.0","0.0","2.2"
"Zavion Thomas","CHI","0.9","10.7","0.1","0.1","0.4","0.0","0.0","2.1"
"Devontez Walker","BAL","0.8","11.7","0.1","0.0","0.1","0.0","0.0","2.1"
"Elic Ayomanor","TEN","0.8","11.9","0.1","0.0","0.0","0.0","0.0","2.1"
"Joshua Palmer","BUF","0.9","12.1","0.1","0.0","0.0","0.0","0.0","2.1"
"Cyrus Allen","KC","0.9","11.3","0.1","0.0","0.0","0.0","0.0","2.0"
"Tutu Atwell","MIA","0.9","13.3","0.0","0.1","0.4","0.0","0.0","2.0"
"Roman Wilson","PIT","0.8","10.9","0.1","0.0","0.0","0.0","0.0","1.9"
"Treylon Burks","WAS","0.8","10.5","0.1","0.1","0.3","0.0","0.0","1.9"
"Isaiah Bond","CLE","0.7","9.9","0.1","0.2","0.9","0.0","0.0","1.9"
"Isaiah Williams","NYJ","1.1","10.8","0.0","0.2","0.9","0.0","0.0","1.9"
"Mason Tipton","NO","1.0","11.4","0.0","0.0","0.0","0.0","0.0","1.9"
"Tez Johnson","TB","0.7","8.9","0.1","0.2","0.8","0.0","0.0","1.8"
"Jordyn Tyson","NO","0.9","10.7","0.1","0.0","0.0","0.0","0.0","1.8"
"Greg Dortch","DET","0.8","7.8","0.1","0.3","1.3","0.0","0.0","1.8"
"Mack Hollins","NE","0.8","9.3","0.1","0.0","0.1","0.0","0.0","1.7"
"Demarcus Robinson","SF","0.6","9.0","0.1","0.0","0.0","0.0","0.0","1.7"
"Nick Westbrook-Ikhine","IND","0.7","8.2","0.1","0.0","0.0","0.0","0.0","1.7"
"Ashton Dulin","IND","0.6","8.6","0.1","0.1","0.8","0.0","0.0","1.6"
"Calvin Austin III","NYG","0.7","9.2","0.1","0.0","0.2","0.0","0.0","1.6"
"Brenen Thompson","LAC","0.6","8.4","0.1","0.0","0.3","0.0","0.0","1.6"
"Jimmy Horn Jr.","CAR","0.6","6.3","0.1","0.4","2.3","0.0","0.0","1.5"
"Elijah Sarratt","BAL","0.6","8.5","0.1","0.0","0.0","0.0","0.0","1.5"
"Jaylin Lane","WAS","0.6","8.2","0.0","0.1","0.5","0.0","0.0","1.4"
"Jalen Reagor","MIA","0.6","7.6","0.1","0.0","0.0","0.0","0.0","1.4"
"Jahdae Walker","CHI","0.6","7.3","0.1","0.0","0.0","0.0","0.0","1.4"
"Dyami Brown","WAS","0.6","8.1","0.0","0.1","0.4","0.0","0.0","1.4"
"Justin Watson","HOU","0.5","6.7","0.1","0.0","0.0","0.0","0.0","1.3"
"Malik Benson","LV","0.6","8.4","0.0","0.0","0.0","0.0","0.0","1.3"
"Konata Mumpfield","LAR","0.5","6.2","0.1","0.0","0.0","0.0","0.0","1.3"
"Lil'Jordan Humphrey","DEN","0.6","7.4","0.0","0.0","0.0","0.0","0.0","1.3"
"Chris Bell","MIA","0.6","6.6","0.1","0.0","0.0","0.0","0.0","1.3"
"Barion Brown","NO","0.6","7.4","0.0","0.0","0.0","0.0","0.0","1.2"
"Skyler Bell","BUF","0.6","7.3","0.0","0.0","0.1","0.0","0.0","1.2"
"CJ Daniels","LAR","0.5","6.5","0.0","0.0","0.1","0.0","0.0","1.1"
"Christian Kirk","SF","0.6","7.1","0.0","0.0","0.1","0.0","0.0","1.1"
"Jordan Whittington","LAR","0.5","5.8","0.0","0.1","0.5","0.0","0.0","1.0"
"Tai Felton","MIN","0.6","6.0","0.0","0.0","0.1","0.0","0.0","1.0"
"Kyle Williams","NE","0.4","5.1","0.0","0.1","0.6","0.0","0.0","1.0"
"Bo Melton","GB","0.4","5.3","0.0","0.2","0.8","0.0","0.0","1.0"
"Jalen Royals","KC","0.5","5.6","0.0","0.0","0.1","0.0","0.0","1.0"
"Ben Skowronek","PIT","0.4","4.5","0.1","0.0","0.0","0.0","0.0","1.0"
"Deion Burks","IND","0.5","5.7","0.0","0.0","0.0","0.0","0.0","0.9"
"Odell Beckham Jr.","NYG","0.4","5.2","0.0","0.0","0.0","0.0","0.0","0.8"
"Luke McCaffrey","WAS","0.5","5.5","0.0","0.0","0.0","0.0","0.0","0.8"
"KeAndre Lambert-Smith","LAC","0.4","4.4","0.0","0.0","0.1","0.0","0.0","0.8"
"Mitch Tinsley","CIN","0.3","4.4","0.0","0.0","0.0","0.0","0.0","0.7"
"Cedric Tillman","CLE","0.4","4.2","0.0","0.0","0.0","0.0","0.0","0.7"
"Xavier Smith","LAR","0.3","4.0","0.0","0.0","0.2","0.0","0.0","0.7"
"Marquez Valdes-Scantling","DAL","0.3","4.2","0.0","0.0","0.2","0.0","0.0","0.7"
"Josh Cameron","JAC","0.3","3.1","0.0","0.1","0.4","0.0","0.0","0.6"
"Jonathan Mingo","DAL","0.3","3.7","0.0","0.0","0.0","0.0","0.0","0.6"
"Dont'e Thornton Jr.","LV","0.3","3.8","0.0","0.0","0.0","0.0","0.0","0.6"
"Tim Patrick","NYJ","0.3","3.7","0.0","0.0","0.0","0.0","0.0","0.6"
"Malachi Corley","CLE","0.1","1.4","0.0","0.4","2.5","0.0","0.0","0.5"
"Kevin Austin Jr.","NO","0.3","2.7","0.0","0.0","0.1","0.0","0.0","0.5"
"Lewis Bond","HOU","0.2","2.6","0.0","0.0","0.0","0.0","0.0","0.4"
"Brycen Tremayne","CAR","0.2","2.2","0.0","0.0","0.0","0.0","0.0","0.4"
"Kaden Wetjen","PIT","0.2","2.3","0.0","0.1","0.4","0.0","0.0","0.4"
"Reggie Virgil","ARI","0.2","2.3","0.0","0.0","0.0","0.0","0.0","0.4"
"Darius Cooper","PHI","0.2","1.8","0.0","0.0","0.0","0.0","0.0","0.3"
"Derius Davis","LAC","0.1","1.3","0.0","0.1","0.7","0.0","0.0","0.3"
"Isaiah Hodgins","NYG","0.1","1.5","0.0","0.0","0.0","0.0","0.0","0.3"
"David Sills V","TB","0.1","1.5","0.0","0.0","0.0","0.0","0.0","0.3"
"Jalen Brooks","ARI","0.1","1.8","0.0","0.0","0.0","0.0","0.0","0.3"
"Kameron Johnson","TB","0.1","1.2","0.0","0.1","0.4","0.0","0.0","0.3"
"Cody White","SEA","0.1","1.6","0.0","0.0","0.0","0.0","0.0","0.2"
"Xavier Restrepo","TEN","0.1","1.4","0.0","0.0","0.1","0.0","0.0","0.2"
"Tylan Wallace","CLE","0.1","1.3","0.0","0.0","0.0","0.0","0.0","0.2"
"Arian Smith","NYJ","0.1","0.8","0.0","0.1","0.8","0.0","0.0","0.2"
"Chris Moore","BAL","0.1","1.2","0.0","0.0","0.1","0.0","0.0","0.2"
"Jordan Watkins","SF","0.1","1.1","0.0","0.0","0.0","0.0","0.0","0.2"
"Trent Sherfield Sr.","BUF","0.1","1.0","0.0","0.0","0.0","0.0","0.0","0.2"
"Mecole Hardman Jr.","BUF","0.1","1.3","0.0","0.0","0.0","0.0","0.0","0.2"
"Emmanuel Henderson Jr.","SEA","0.1","1.3","0.0","0.0","0.0","0.0","0.0","0.2"
"Dareke Young","LV","0.1","1.0","0.0","0.0","0.0","0.0","0.0","0.2"
"LaJohntay Wester","BAL","0.1","0.9","0.0","0.0","0.1","0.0","0.0","0.1"
"Elijah Moore","PHI","0.0","0.5","0.0","0.1","0.9","0.0","0.0","0.1"
"Skyy Moore","GB","0.1","0.9","0.0","0.0","0.2","0.0","0.0","0.1"
"Efton Chism III","NE","0.1","0.9","0.0","0.0","0.0","0.0","0.0","0.1"
"Devin Duvernay","ARI","0.1","0.7","0.0","0.0","0.1","0.0","0.0","0.1"
"Anthony Gould","IND","0.1","0.7","0.0","0.0","0.1","0.0","0.0","0.1"
"Tyler Johnson","DAL","0.0","0.7","0.0","0.0","0.0","0.0","0.0","0.1"
"Chase Roberts","LV","0.0","0.7","0.0","0.0","0.0","0.0","0.0","0.1"
"Trebor Pena","JAC","0.0","0.6","0.0","0.0","0.0","0.0","0.0","0.1"
"Dante Pettis","BUF","0.0","0.6","0.0","0.0","0.0","0.0","0.0","0.1"
"Charlie Jones","CIN","0.1","0.5","0.0","0.0","0.0","0.0","0.0","0.1"
"Tyrell Shavers","BUF","0.1","0.7","0.0","0.0","0.0","0.0","0.0","0.1"
"Van Jefferson","WAS","0.0","0.6","0.0","0.0","0.0","0.0","0.0","0.1"
"Nikko Remigio","KC","0.0","0.5","0.0","0.0","0.1","0.0","0.0","0.1"
"Deven Thompkins","LV","0.1","0.4","0.0","0.0","0.0","0.0","0.0","0.1"
"Casey Washington","CAR","0.0","0.6","0.0","0.0","0.0","0.0","0.0","0.1"
"Tom Kennedy","DET","0.0","0.5","0.0","0.0","0.0","0.0","0.0","0.1"
"Jalin Hyatt","NYG","0.0","0.5","0.0","0.0","0.0","0.0","0.0","0.1"
"Theo Wease Jr.","MIA","0.0","0.4","0.0","0.0","0.0","0.0","0.0","0.0"
"Gage Larvadain","CLE","0.0","0.3","0.0","0.0","0.0","0.0","0.0","0.0"
"Ricky White III","SEA","0.0","0.3","0.0","0.0","0.0","0.0","0.0","0.0"
"Terrace Marshall Jr.","MIA","0.0","0.3","0.0","0.0","0.0","0.0","0.0","0.0"
"Trey Palmer","NO","0.0","0.3","0.0","0.0","0.0","0.0","0.0","0.0"
"David Moore","CAR","0.0","0.2","0.0","0.0","0.0","0.0","0.0","0.0"
"Britain Covey","PHI","0.0","0.2","0.0","0.0","0.0","0.0","0.0","0.0"
"Noah Thomas","CIN","0.0","0.2","0.0","0.0","0.0","0.0","0.0","0.0"
"Jacob Cowing","SF","0.0","0.2","0.0","0.0","0.0","0.0","0.0","0.0"
"Brandon Aiyuk","SF","0.0","0.0","0.0","0.0","0.1","0.0","0.0","0.0"
"Braxton Berrios","NYG","0.0","0.0","0.0","0.0","0.0","0.0","0.0","0.0"
"Myles Price","MIN","0.0","0.0","0.0","0.0","0.0","0.0","0.0","0.0"
"Laquon Treadwell","IND","0.0","0.0","0.0","0.0","0.0","0.0","0.0","0.0"
"Gunner Olszewski","NYG","0.0","0.0","0.0","0.0","0.0","0.0","0.0","0.0"
"Mason Kinsey","TEN","0.0","0.0","0.0","0.0","0.0","0.0","0.0","0.0"
"Austin Trammell","JAC","0.0","0.0","0.0","0.0","0.0","0.0","0.0","0.0"
"Michael Bandy","DEN","0.0","0.0","0.0","0.0","0.0","0.0","0.0","0.0"
"Xavier Weaver","ARI","0.0","0.0","0.0","0.0","0.0","0.0","0.0","0.0"
"Dylan Drummond","ATL","0.0","0.0","0.0","0.0","0.0","0.0","0.0","0.0"
"Jeshaun Jones","MIN","0.0","0.0","0.0","0.0","0.0","0.0","0.0","0.0"
"Ke'Shawn Williams","CIN","0.0","0.0","0.0","0.0","0.0","0.0","0.0","0.0"
"Chris Brazzell II","CAR","0.0","0.0","0.0","0.0","0.0","0.0","0.0","0.0"
""
""